Gaff Andrew,MID,110.68,19,803000
Yeo Elliot,MID,106.77,22,775000
Redden Jack,MID,96.23,22,698000
Hurn Shannon,DEF,88.86,22,645000
Shuey Luke,MID,87.29,17,634000
Cripps Jamie,FWD,81.32,22,590000
Naitanui Nic,RUC,80.33,15,583000
Masten Chris,MID,78.71,21,571000
Hutchings Mark,MID,77.06,17,559000
Darling Jack,FWD,76.72,18,557000
Hickey Tom,RUC,75.38,13,547000
Sheppard Brad,DEF,74.59,22,541000
Sheed Dom,MID,74.33,15,539000
McGovern Jeremy,DEF,66.86,21,485000
Duggan Liam,DEF,66.81,21,485000
Kennedy Josh J.,FWD,65.18,11,473000
Jetta Lewis,DEF,63.59,17,461000
Smith Josh,FWD,52,1,444000
Vardy Nathan,RUC/FWD,55.57,7,435000
Barrass Tom,DEF,58.31,16,423000
Ryan Liam,FWD,56.7,10,411000
Ah Chee Brendon,FWD,59.25,8,404000
Waterman Jake,FWD,54.81,16,398000
Cole Thomas,DEF,53.83,18,391000
Rioli Willie,FWD,53.81,21,391000
Ainsworth Brayden,MID,64.33,3,369000
McInnes Fraser,RUC,47,3,364000
Brooksby Keegan,RUC,0,0,357000
Venables Daniel,FWD,45.92,12,333000
Nelson Jackson,DEF,40.3,10,292000
Allen Oscar,DEF,50,2,276000
Mutimer Kurt,DEF,0,0,251000
Schofield Will,DEF,33.8,10,245000
O'Neill Xavier,MID,0,0,216000
Foley Luke,MID,0,0,210000
Williams Bailey,RUC/FWD,0,0,202000
Cameron Jarrod,MID/FWD,0,0,194000
Brander Jarrod,FWD,30,1,170000
Petruccelle Jack,FWD,21.33,3,170000
Watson Francis,DEF,0,0,170000
Rotham Josh,DEF,0,0,170000
Allen Matthew,MID/FWD,0,0,170000
Brayshaw Hamish,MID,0,0,170000
Riach Brodie,MID/FWD,0,0,170000
Edwards Harry,RUC,0,0,170000
Bines Patrick,RUC/FWD,0,0,170000
Grundy Brodie,RUC,120,22,871000
Treloar Adam,MID,108.46,13,787000
Beams Dayne,MID,105.81,21,768000
Sidebottom Steele,MID,103.36,22,750000
Pendlebury Scott,MID,101.67,21,738000
Phillips Tom,MID,95.45,22,693000
Adams Taylor,MID,95.11,19,690000
Crisp Jack,DEF,87.5,22,635000
Howe Jeremy,DEF,82.29,17,597000
De Goey Jordan,FWD,81.82,17,594000
Maynard Brayden,DEF,74.61,18,541000
Murray Sam,DEF,74.38,13,540000
Langdon Tom,DEF,73.95,19,537000
Scharenberg Matthew,DEF,73.29,17,532000
Thomas Josh,FWD,72.5,22,526000
Mayne Chris,MID,71.94,17,522000
Sier Brayden,MID,75.5,8,515000
Aish James,DEF/MID,71.22,9,501000
Daicos Josh,FWD,68.3,10,496000
Roughead Jordan,RUC/FWD,67.33,12,489000
Hoskin-Elliott Will,FWD,67,22,486000
Stephenson Jaidyn,FWD,65.68,22,477000
Mihocek Brody,FWD,63.67,12,462000
Wells Daniel,FWD,56.75,4,459000
Reid Ben,FWD,63.33,6,443000
Cox Mason,FWD,58.35,20,423000
Greenwood Levi,DEF,57.33,12,416000
Brown Callum L.,FWD,60.25,8,411000
Moore Darcy,DEF/FWD,41.71,7,410000
Elliott Jamie,FWD,0,0,385000
Dunn Lynden,DEF,50.86,14,369000
Varcoe Travis,FWD,50,16,363000
Crocker Ben,FWD,48.2,10,350000
Broomhead Tim,MID/FWD,0,1,348000
Appleby Flynn,DEF,48.11,9,339000
Wills Rupert,MID,0,0,325000
Madgen Jack,DEF,47.25,4,281000
Goldsack Tyson,DEF,0,0,272000
Quaynor Isaac,DEF,0,0,246000
Murphy Nathan,DEF,42,2,232000
Kelly Will,DEF,0,0,214000
Brown Tyler,DEF,0,0,170000
Tohill Anton,DEF/FWD,0,0,170000
Keane Mark,DEF/FWD,0,0,170000
Bosenavulagi Atu,MID/FWD,0,0,170000
Lynch Max,RUC,0,0,170000
Martin Dustin,MID,92.9,21,674000
Nankervis Toby,RUC,89.24,21,648000
Prestia Dion,MID,85.09,11,618000
Riewoldt Jack,FWD,84.91,22,616000
Lambert Kane,FWD,81.2,20,589000
Cotchin Trent,MID,80,20,581000
Caddy Josh,FWD,79.35,20,576000
Grigg Shaun,MID,76.65,20,556000
Short Jayden,DEF,75.91,22,551000
Ellis Brandon,DEF,74.11,18,538000
Houli Bachar,DEF,73.92,13,536000
Vlastuin Nick,DEF,73.16,19,531000
Lynch Tom J.,FWD,67.1,10,487000
Edwards Shane,MID/FWD,66.41,22,482000
Weller Maverick,FWD,66.38,13,482000
Rioli Daniel,FWD,66.1,10,480000
Graham Jack,MID,65.75,16,477000
Higgins Jack,FWD,61.67,18,448000
Rance Alex,DEF,60.18,22,437000
Astbury David,DEF,58.3,20,423000
Butler Dan,FWD,56.93,15,413000
Castagna Jason,FWD,55.15,20,400000
McIntosh Kamdyn,MID,54.58,19,396000
Grimes Dylan,DEF,52.43,21,380000
Soldo Ivan,RUC,66,1,359000
Townsend Jacob,FWD,47.8,10,347000
Menadue Connor,DEF,48.8,5,338000
Broad Nathan,DEF,45.94,16,333000
Moore Callum,FWD,48.83,6,312000
Garthwaite Ryan,DEF,49,2,270000
Collier-Dawkins Riley,MID,0,0,232000
Bolton Shai,FWD,30.67,3,223000
Baker Liam,FWD,38,3,218000
Markov Oleg,DEF,0,0,198000
Ross Jack,MID,0,0,186000
Miller Ben,DEF,0,0,170000
Eggmolesse-Smith Derek,DEF,0,0,170000
Naish Patrick,DEF,0,0,170000
Balta Noah,FWD,0,0,170000
Coleman-Jones Callum,RUC/FWD,0,0,170000
Chol Mabior,FWD,0,0,170000
Aarts Jake,FWD,0,0,170000
English Luke,MID,0,0,170000
Turner Fraser,MID,0,0,170000
Gawn Max,RUC,111.32,22,808000
Oliver Clayton,MID,109.09,22,792000
Brayshaw Angus,MID,105.11,19,763000
McDonald Tom,FWD,90.06,17,654000
Jones Nathan,MID,87.05,22,632000
Viney Jack,MID,91.43,7,604000
Harmes James,MID,83.05,22,603000
Petracca Christian,MID/FWD,80.67,21,585000
Kolodjashnij Kade,DEF,67.5,8,585000
Salem Christian,DEF,79.38,21,576000
Lewis Jordan,DEF,79.29,21,575000
Neal-Bullen Alex,FWD,77.91,22,565000
May Steven,DEF,75.53,17,548000
Fritsch Bayley,MID,74.48,21,540000
Melksham Jake,FWD,70.25,20,510000
Hibberd Michael,DEF,68.78,18,499000
Hunt Jayden,DEF,46.83,6,463000
Hannan Mitch,FWD,59.92,12,435000
Lever Jake,DEF,59.82,11,434000
Smith Timothy,FWD,72.75,4,433000
Spargo Charlie,FWD,59,15,428000
Garlett Jeff,FWD,59,11,428000
Maynard Corey,MID,62,1,425000
Stretch Billy,MID,75.5,2,416000
Kennedy Harris Jay,MID,63.67,6,407000
vandenBerg Aaron,MID/FWD,68,4,405000
Jetta Neville,DEF,50.68,22,368000
Smith Joel,DEF,55.29,7,365000
Wagner Josh,DEF,57.2,5,356000
Frost Sam,DEF,48.7,10,353000
Weideman Sam,FWD,52.71,7,348000
Preuss Braydon,RUC,0,0,342000
McDonald Oscar,DEF,43.86,22,318000
Petty Harrison,DEF,44,1,239000
Sparrow Tom,MID,0,0,218000
Jordon James,DEF/MID,0,0,206000
Keilty Declan,DEF,0,0,170000
Walker Guy,DEF/FWD,0,0,170000
Baker Oskar,MID,0,0,170000
Bradtke Austin,RUC,0,0,170000
Hore Marty,DEF,0,0,170000
Nietschke Aaron,MID,0,0,170000
Chandler Kade,MID,0,0,170000
Bedford Toby,MID/FWD,0,0,170000
Wagner Corey,MID,0,0,170000
Mitchell Tom,MID,129.18,22,938000
Shiels Liam,MID,97,21,704000
O'Meara Jaeger,MID,95.75,20,695000
Sicily James,DEF,95.57,14,694000
Smith Isaac,MID,89.09,22,647000
Gunston Jack,FWD,86.67,21,629000
McEvoy Ben,RUC,86.59,17,628000
Breust Luke,FWD,84.45,22,613000
Henderson Ricky,MID,84.1,20,610000
Wingard Chad,MID/FWD,82.33,21,598000
Burgoyne Shaun,MID,78.67,15,571000
Howe Daniel,MID,77.2,15,560000
Roughead Jarryd,FWD,73.35,20,532000
Impey Jarman,DEF/FWD,69.95,22,508000
Morrison Harry,MID/FWD,66.21,19,481000
Worpel James,MID/FWD,68.22,9,480000
Hardwick Blake,DEF,64.64,22,469000
Miles Teia,DEF,66.88,8,456000
Ceglar Jonathon,RUC/FWD,62.9,10,456000
Scully Tom,MID,23,1,446000
Puopolo Paul,FWD,59.28,18,430000
Frawley James,DEF,54.28,18,394000
Mirra David,DEF,60.17,6,384000
Stratton Ben,DEF,49.91,22,362000
Brand Kaiden,DEF,49.8,10,361000
Schoenmakers Ryan,FWD,47.75,8,361000
O'Brien Tim,FWD,48.5,12,352000
Birchall Grant,DEF,0,0,350000
Nash Conor,FWD,60.33,3,346000
Cousins James,MID,50.5,4,329000
Minchington Darren,MID,0,0,324000
Glass Conor,DEF,47.5,4,315000
Pittonet Marc,RUC,52.5,2,290000
Mohr Tim,DEF,42.5,2,234000
Scrimshaw Jack,DEF,0,0,203000
Lewis Mitch,FWD,25.5,2,170000
Jiath Changkuoth,DEF,0,0,170000
Jones Harrison,DEF,0,0,170000
Koschitzke Jacob,DEF/FWD,0,0,170000
Moore Dylan,FWD,0,0,170000
Ross Jackson,FWD,0,0,170000
Hanrahan Oliver,FWD,0,0,170000
Greaves Damon,DEF/MID,0,0,170000
Golds Will,MID,0,0,170000
Walker Mathew,MID/FWD,0,0,170000
Coniglio Stephen,MID,110.38,21,801000
Kelly Josh,MID,108.4,15,787000
Whitfield Lachie,DEF,100.09,22,726000
Ward Callan,MID,96.91,22,703000
Taranto Tim,MID,90.9,21,660000
Shaw Heath,DEF,86.35,20,627000
Greene Toby,FWD,67.43,7,604000
de Boer Matt,FWD,78.38,13,569000
Hopper Jacob,MID,78.32,19,568000
Cameron Jeremy,FWD,77.94,16,566000
Deledio Brett,MID,79.44,9,559000
Simpson Dawson,RUC,67.22,9,553000
Tomlinson Adam,MID,74.27,22,539000
Haynes Nick,DEF,72.32,22,525000
Sheridan Tommy,MID,71.15,13,516000
Patton Jonathon,RUC/FWD,70.42,12,511000
Kennedy Adam,DEF,70.57,7,466000
Davis Phil,DEF,61.05,20,443000
Mumford Shane,RUC,0,0,429000
Lloyd Daniel,FWD,58.29,14,423000
Himmelberg Harry,FWD,58.05,22,421000
Williams Zac,DEF,0,0,421000
Finlayson Jeremy,DEF,57.71,14,419000
Perryman Harry,DEF,55.5,8,379000
Langdon Zac,FWD,50.79,19,369000
Bonar Aiden,MID/FWD,59,4,351000
Reid Sam J.,DEF/FWD,46.47,19,337000
Corr Aidan,DEF,43.56,16,316000
Buntine Matt,DEF,44.71,7,300000
Daniels Brent,FWD,41.86,7,276000
Keeffe Lachlan,DEF,40.43,7,267000
Taylor Sam,DEF,38.38,8,262000
Caldwell Jye,MID,0,0,250000
Hately Jackson,MID,0,0,244000
O'Halloran Xavier,MID,0,0,228000
Hill Ian,MID/FWD,0,0,224000
Cumming Isaac,DEF,37,2,204000
Briggs Kieren,RUC,0,0,204000
Buckley Dylan,FWD,34,2,188000
Shipley Nick,MID,21.5,2,170000
Brown Callum M.,DEF,0,0,170000
Stein Jake,DEF,0,0,170000
Idun Connor,DEF/FWD,0,0,170000
Buckley Jack,MID/FWD,0,0,170000
Sproule Zachary,MID/FWD,0,0,170000
Flynn Matthew,RUC,0,0,170000
Lloyd Jake,DEF,101.64,22,738000
Parker Luke,MID,95.62,21,694000
Sinclair Callum,RUC,92.68,22,673000
Franklin Lance,FWD,91.72,18,666000
Heeney Isaac,MID/FWD,90.71,21,658000
Kennedy Josh P.,MID,90.14,22,654000
McVeigh Jarrad,DEF,78.78,18,572000
Cunningham Harry,MID,75,22,544000
Mills Callum,DEF,74.22,9,522000
Clarke Ryan,DEF,70.37,19,511000
Aliir Aliir,DEF,69.36,11,503000
Jones Zak,DEF,68.72,18,499000
Hewett George,MID,65.91,22,478000
Rampe Dane,DEF,65.32,22,474000
Ronke Ben,FWD,64.76,17,470000
Grundy Heath,DEF,63.94,17,464000
Florent Oliver,MID,63.05,22,458000
Papley Tom,FWD,62.32,19,452000
Hayward Will,FWD,62.14,22,451000
Menzel Daniel,FWD,60.83,12,441000
Reid Sam,FWD,80,1,435000
Smith Nick,DEF,59.2,20,430000
Jack Kieren,MID/FWD,58.83,18,427000
Thurlow Jackson,MID,64,7,423000
Dawson Jordan,MID,67,4,399000
O'Riordan Colin,DEF,63.33,3,363000
Fox Robbie,DEF/FWD,46,10,334000
McCartin Tom,FWD,44.14,14,320000
Naismith Sam,RUC,0,0,299000
Melican Lewis,DEF,51.33,3,294000
Blakey Nick,FWD,0,0,252000
Rose James,FWD,41,1,223000
Rowbottom James,MID,0,0,222000
Stoddart Ryley,FWD,34,2,188000
McInerney Justin,DEF,0,0,184000
Cameron Darcy,RUC,27,1,170000
Maibaum Jack,DEF,0,0,170000
Tucker Durak,DEF,0,0,170000
Reynolds Harry,DEF,0,0,170000
Amartey Joel,FWD,0,0,170000
Pink Toby,FWD,0,0,170000
Foot Zac,FWD,0,0,170000
Bell James,MID/FWD,0,0,170000
Ling Matthew,MID/FWD,0,0,170000
Wicks Samuel,MID/FWD,0,0,170000
Dangerfield Patrick,MID/FWD,106.19,21,771000
Ablett Gary,MID,103.83,18,754000
Duncan Mitch,MID,101.85,20,739000
Selwood Joel,MID,100.86,22,732000
Menegola Sam,MID/FWD,98.64,22,716000
Hawkins Tom,FWD,88,20,639000
Kelly Tim,MID/FWD,86.82,22,630000
Stanley Rhys,RUC,81.33,15,590000
Tuohy Zach,DEF,80.68,22,586000
Stewart Tom,DEF,79.81,21,579000
Dahlhaus Luke,MID/FWD,78.59,17,570000
Parfitt Brandan,FWD,75.83,18,550000
Abbott Ryan,RUC,92.67,3,531000
Cunico Jordan,MID,72.14,14,524000
Selwood Scott,MID,71.5,12,519000
Smith Zac,RUC,57.67,3,485000
Blicavs Mark,DEF,62.36,22,453000
Henderson Lachie,DEF,67.17,6,448000
Guthrie Cameron,DEF,60.83,12,441000
Taylor Harry,DEF,50.14,7,432000
Fogarty Lachie,FWD,57.73,15,419000
Henry Jack,DEF,54.05,21,392000
Parsons James,FWD,52.45,11,381000
Kolodjashnij Jake,DEF,49.77,22,361000
Ratugolea Esava,FWD,49.25,8,336000
Narkle Quinton,FWD,50.17,6,320000
Bews Jed,DEF,43.8,20,318000
Rohan Gary,FWD,43.45,11,315000
Guthrie Zach,DEF,45.86,7,303000
O'Connor Mark,DEF,49,4,292000
Jones Jamaine,FWD,42.86,7,283000
Cockatoo Nakia,FWD,49,2,282000
Buzza Wylie,FWD,37,3,281000
Clark Jordan,DEF,0,0,242000
Simpson Sam,MID,31,1,214000
Jarvis Ben,RUC/FWD,0,0,176000
Kennerley Jacob,MID,0,0,172000
Okunbor Stefan,DEF/FWD,0,0,170000
Miers Gryan,FWD,0,0,170000
Kreuger Nathan,FWD,0,0,170000
Tarca Jake,FWD,0,0,170000
Constable Charlie,MID,0,0,170000
Brownless Oscar,MID,0,0,170000
Atkins Tom,MID,0,0,170000
Fort Darcy,RUC,0,0,170000
Schlensog Blake,RUC/FWD,0,0,170000
Cunnington Ben,MID,93.91,22,682000
Higgins Shaun,MID,93.9,20,681000
Goldstein Todd,RUC,93.36,22,678000
Polec Jared,MID,92.23,22,669000
Hall Aaron,MID,71.67,6,626000
Ziebell Jack,FWD,82.77,22,601000
Dumont Trent,MID,82.41,22,598000
Jacobs Ben,MID,77.54,13,563000
Tyson Dom,MID,76.57,14,556000
Anderson Jed,MID,76.1,21,552000
Macmillan Jamie,DEF,73.09,22,530000
Pittard Jasper,DEF,70.91,11,515000
McDonald Luke,DEF,70.32,22,510000
Ahern Paul,MID,68.55,11,497000
Brown Ben,FWD,68,22,493000
Tarrant Robbie,DEF,66.43,21,482000
Wright Sam,DEF,65.94,16,479000
Wood Mason,FWD,64.46,13,468000
Thompson Scott D.,DEF,64.14,22,465000
Daw Majak,DEF,64.06,18,465000
Atley Shaun,FWD,61.45,22,446000
Simpkin Jy,FWD,59.55,22,432000
Campbell Tom,RUC,0,0,404000
Williams Marley,DEF,53.64,22,389000
Hrovat Nathan,FWD,51.08,12,371000
Garner Taylor,FWD,0,0,358000
Turner Kayne,FWD,48.27,22,350000
Vickers-Willis Ed,DEF,51.57,7,341000
Walker Will,FWD,49.75,4,296000
Davies-Uniacke Luke,MID,40.29,7,266000
Zurhaar Cameron,FWD,42.2,5,260000
Thomas Tarryn,MID,0,0,256000
Durdin Sam,DEF,22,1,253000
Murphy Tom,DEF,41.75,4,248000
McKay Ben,DEF,0,0,193000
Taylor Curtis,MID/FWD,0,0,180000
Scott Bailey,MID,0,0,174000
Watson Declan,DEF,0,0,170000
Crocker Joel,DEF/FWD,0,0,170000
McKenzie Tom,DEF/MID,0,0,170000
Larkey Nick,FWD,0,0,170000
Wilkinson Tom,FWD,0,0,170000
Murphy Red Og,MID,0,0,170000
Hayden Kyron,MID/FWD,0,0,170000
Xerri Tristan,RUC/FWD,0,0,170000
Westhoff Justin,RUC/FWD,101.91,22,740000
Wines Ollie,MID,93.45,22,678000
Ebert Brad,MID,88.91,22,645000
Boak Travis,FWD,87.27,22,633000
Gray Robbie,MID/FWD,84.29,21,612000
Rockliff Tom,MID,82.67,18,600000
Lycett Scott,RUC/FWD,77,22,559000
Jonas Tom,DEF,75.11,18,545000
Powell-Pepper Sam,MID,75,16,544000
Ryder Paddy,RUC,74.81,16,543000
Hartlett Hamish,DEF,86.6,5,534000
Houston Dan,DEF,71.91,22,522000
Byrne-Jones Darcy,DEF,71.57,21,519000
Dixon Charlie,FWD,71.25,20,517000
Mayes Sam,DEF,57.83,6,510000
Gray Sam,FWD,67.05,19,487000
Motlop Steven,MID/FWD,66.9,21,486000
Lienert Jarrod,DEF,73.67,6,470000
Watts Jack,FWD,63.37,19,460000
Amon Karl,MID,50.5,6,454000
Burton Ryan,DEF,62.05,21,450000
Bonner Riley,DEF,60.37,19,438000
Trengove Jack,DEF,73,3,419000
Clurey Tom,DEF,56.05,19,407000
McKenzie Trent,DEF,41,1,355000
Broadbent Matthew,DEF,0,0,351000
Howard Dougal,DEF,48.1,20,349000
Marshall Todd,FWD,46.57,7,314000
Farrell Kane,FWD,49.4,5,305000
Johnson Aidyn,FWD,37.8,5,289000
Frampton Billy,RUC,52,1,283000
Rozee Connor,DEF/FWD,0,0,262000
Butters Zak,MID,0,0,248000
Duursma Xavier,DEF/MID,0,0,236000
Atley Joe,MID,0,0,227000
Garner Joel,DEF,0,0,170000
Frederick Martin,DEF/MID,0,0,170000
Patmore Jake,MID/FWD,0,0,170000
Drew Willem,MID/FWD,0,0,170000
Pudney Kai,MID,0,0,170000
Ladhams Peter,RUC,0,0,170000
Hayes Sam,RUC,0,0,170000
Grundy Riley,DEF,0,0,170000
Hewett Cameron,MID,0,0,170000
Woodcock Boyd,MID/FWD,0,0,170000
Cox Tobin,MID/FWD,0,0,170000
Smith Devon,MID/FWD,106.64,22,774000
Heppell Dyson,MID,101.64,22,738000
Merrett Zach,MID,101.45,22,736000
Zaharakis David,MID,97.06,17,704000
Shiel Dylan,MID,89.19,21,647000
Hurley Michael,DEF,83.75,20,608000
Langford Kyle,MID/FWD,80.19,16,582000
Bellchambers Tom,RUC,79.55,20,577000
Fantasia Orazio,FWD,79.46,13,577000
Myers David,MID,78.13,16,567000
Daniher Joe,FWD,63.86,7,560000
Parish Darcy,MID/FWD,74.73,15,542000
McKernan Shaun,FWD,74.2,10,538000
McGrath Andrew,DEF/MID,71.4,20,518000
Hooker Cale,DEF,70.27,22,510000
Stringer Jake,FWD,69.35,20,503000
Brown Mitch,FWD,67.29,14,488000
McDonald-Tipungwuti Anthony,FWD,65.64,22,476000
McKenna Conor,DEF,65.06,18,472000
Guelfi Matt,MID,63.07,15,458000
Baguley Mark,FWD,62.85,20,456000
Redman Mason,DEF,81.5,2,450000
Stewart James,FWD,60.82,11,441000
Saad Adam,DEF,59.18,22,429000
Francis Aaron,DEF,65,5,401000
Dea Matt,DEF,54.83,12,398000
Laverde Jayden,FWD,59,7,390000
Begley Josh,FWD,40.2,5,355000
Mutch Kobe,MID,60,3,344000
Long Jake,MID,62,2,342000
Ambrose Patrick,DEF,44.43,7,331000
Gleeson Martin,DEF,0,0,329000
McNiece Ben,DEF,46.88,8,324000
Hartley Michael,DEF,53.5,4,318000
Ridley Jordan,DEF,54,3,310000
Clarke Zac,RUC,0,0,270000
Clarke Dylan,MID,46,1,250000
Mosquito Irving,MID/FWD,0,0,196000
Zerk-Thatcher Brandon,DEF,0,0,170000
Houlahan Jordan,FWD,0,0,170000
Lavender Luke,FWD,0,0,170000
Mynott Trent,MID,0,0,170000
Draper Sam,RUC,0,0,170000
Ham Brayden,FWD,0,0,170000
Gown Noah,FWD,0,0,170000
Jok Thomas,MID,0,0,170000
Laird Rory,DEF,107.75,20,782000
Crouch Matt,MID,104.89,18,761000
Gibbs Bryce,MID,103.82,22,753000
Sloane Rory,MID,89.92,12,653000
Greenwood Hugh,MID,82.23,22,597000
Ellis-Yolmen Cameron,MID,81.53,15,592000
Jacobs Sam,RUC,81.45,22,591000
Lynch Tom,FWD,79.82,17,579000
Atkins Rory,MID,79.6,20,578000
Seedsman Paul,MID,79.53,19,577000
Jenkins Josh,FWD,77.36,22,561000
Milera Wayne,DEF,75.26,19,546000
Douglas Richard,MID/FWD,73.88,17,536000
Doedee Tom,DEF,72.5,20,526000
Crouch Brad,MID,0,0,524000
Mackay David,DEF,64.12,17,465000
Kelly Jake,DEF,64,19,464000
Knight Riley,MID/FWD,67.63,8,461000
Otten Andy,DEF,66.5,8,454000
Betts Eddie,FWD,62.22,18,452000
Brown Luke,DEF,61.9,20,449000
Walker Taylor,FWD,61.86,14,449000
Smith Brodie,DEF,77.5,2,439000
Talia Daniel,DEF,57.61,18,418000
Gallucci Jordan,FWD,55.13,16,400000
Hartigan Kyle,DEF,49.69,13,361000
Keath Alex,DEF,56.17,6,359000
Murphy Lachlan,FWD,49.36,11,358000
Himmelberg Elliott,FWD,65,1,354000
Poholke Myles,FWD,48,9,338000
Fogarty Darcy,FWD,42,10,305000
Wilson Patrick,MID,51,1,278000
Jones Chayce,MID,0,0,254000
McHenry Ned,MID/FWD,0,0,240000
O'Brien Reilly,RUC,0,0,232000
Hamill William,DEF,0,0,212000
Stengle Tyson,FWD,0,0,211000
McPherson Andrew,DEF,0,0,170000
Sholl Lachlan,DEF,0,0,170000
Butts Jordon,DEF/FWD,0,0,170000
Davis Ben,FWD,0,0,170000
McAdam Shane,FWD,0,0,170000
Hunter Paul,RUC,0,0,170000
Strachan Kieran,RUC/FWD,0,0,170000
Macrae Jack,MID,122.63,19,890000
Hunter Lachie,MID,105.43,21,765000
Dunkley Josh,MID/FWD,95.79,19,695000
McLean Toby,MID/FWD,94.5,22,686000
Bontempelli Marcus,MID,92.42,19,671000
Suckling Matthew,DEF,88,11,639000
Wallis Mitch,MID/FWD,82.06,18,595000
Williams Bailey,DEF,79.86,14,580000
Daniel Caleb,FWD,77.85,20,565000
Johannisen Jason,DEF,75.95,22,551000
Crozier Hayden,DEF,73.71,17,535000
Trengove Jackson,DEF,71.88,16,522000
Boyd Tom,RUC/FWD,63.33,12,460000
Lloyd Sam,MID,68.14,7,450000
Duryea Taylor,DEF,61.69,16,448000
English Tim,RUC,67.57,7,446000
Gowers Billy,FWD,59.7,20,433000
Jong Lin,MID/FWD,59.2,10,430000
Dale Bailey,MID/FWD,58.3,10,423000
Lipinski Patrick,MID/FWD,57.76,17,419000
Schache Josh,FWD,57.69,13,419000
Wood Easton,DEF,56.33,12,409000
Liberatore Tom,MID,9,1,392000
Picken Liam,FWD,0,0,387000
Richards Ed,DEF,53.14,21,386000
Naughton Aaron,DEF,51.89,18,377000
Dickson Tory,FWD,45.75,8,371000
Cordy Zaine,DEF,50.67,18,368000
Webb Lukas,FWD,47.4,5,339000
Greene Fergus,FWD,51.2,5,316000
Lynch Brad,DEF/FWD,44.33,9,312000
Morris Dale,DEF,42.82,11,311000
Smith Roarke,DEF,39.9,10,290000
Young Lewis,DEF,47,2,286000
Smith Bailey,MID,0,0,258000
West Rhylee,MID,0,0,220000
Roberts Fletcher,DEF,39.5,2,218000
Vandermeer Laitham,DEF/MID,0,0,198000
Cavarra Ben,FWD,0,0,182000
Khamis Buku,DEF,0,0,170000
Porter Callum,MID,0,0,170000
Young Lachlan,DEF,0,0,170000
Hayes Will,MID,0,0,170000
Sweet Jordon,RUC,0,0,170000
Fyfe Nat,MID,102.13,15,741000
Blakely Connor,DEF,91.46,13,664000
Mundy David,MID/FWD,89.91,22,652000
Hogan Jesse,FWD,89.05,20,646000
Langdon Ed,MID,88.86,21,645000
Hill Bradley,MID,80.9,10,587000
Walters Michael,MID/FWD,80,18,581000
Ryan Luke,DEF,76.9,20,558000
Sandilands Aaron,RUC,76.36,11,554000
Darcy Sean,RUC,73.43,7,552000
Conca Reece,MID,74.19,16,538000
Hill Stephen,DEF,73,13,530000
Wilson Nathan,DEF,71.57,21,519000
Taberner Matt,FWD,68.89,9,485000
Brayshaw Andrew,MID,66.76,17,485000
Lobb Rory,RUC/FWD,66.76,17,485000
Banfield Bailey,MID/FWD,64.15,20,466000
Matera Brandon,FWD,63.89,18,464000
Colyer Travis,MID/FWD,55.38,8,464000
Duman Taylin,DEF,63.3,10,459000
Cox Brennan,FWD,59.81,16,434000
Kersten Shane,DEF,61.44,9,433000
Cerra Adam,FWD,59.52,21,432000
Tucker Darcy,MID,59.41,17,431000
Giro Stefan,FWD,57.3,10,416000
Hamling Joel,DEF,55.61,18,404000
Ballantyne Hayden,FWD,53.35,17,387000
Hughes Ethan,DEF,51,5,381000
Nyhuis Ryan,DEF,50.13,8,367000
McCarthy Cam,FWD,49.06,17,356000
Switkowski Sam,FWD,63.5,2,350000
Jones Scott,RUC/FWD,51.8,5,320000
Pearce Alex,DEF,41.81,21,303000
Crowden Mitchell,FWD,42.33,9,298000
Sturt Sam,FWD,0,0,238000
Bennell Harley,MID,0,0,236000
Logue Griffin,DEF,0,0,216000
Valente Luke,MID,0,0,208000
Carter Jason,DEF/MID,0,0,170000
Dixon Hugh,FWD,0,0,170000
Schultz Lachlan,FWD,0,0,170000
North Tom,MID,0,0,170000
Bewley Brett,MID,0,0,170000
Meek Lloyd,RUC,0,0,170000
Watson Tobe,DEF/MID,0,0,170000
Martin Stefan,RUC,101.32,22,735000
Neale Lachie,MID,100.23,22,727000
Zorko Dayne,MID,96.55,22,701000
Lyons Jarryd,MID,94.95,19,689000
Robinson Mitch,MID/FWD,88.21,19,640000
Witherden Alex,DEF,88,21,639000
Cutler Tom,MID,84.67,18,614000
McCluggage Hugh,MID,77.64,22,563000
Hodge Luke,DEF,77.53,19,563000
Berry Jarrod,MID,77.05,21,559000
Christensen Allen,FWD,73,22,530000
Taylor Lewis,FWD,72.23,22,524000
Rich Daniel,DEF,71.5,18,519000
Andrews Harris,DEF,67.17,18,487000
Robertson Nick,DEF,65.48,21,475000
Cameron Charlie,FWD,65.09,11,472000
Adams Marcus,DEF,61.67,6,466000
Walker Josh,DEF,63.57,14,461000
Lester Ryan,DEF,63.53,15,461000
Mathieson Rhys,MID/FWD,61.54,13,447000
Gardiner Darcy,DEF,59.85,20,434000
Bastinac Ryan,MID,58,2,432000
Rayner Cameron,FWD,58.64,22,426000
Hipwood Eric,FWD,56.18,22,408000
Allison Jacob,DEF,48,3,401000
McInerney Oscar,FWD,53.38,16,387000
McStay Daniel,FWD,52.37,19,380000
Bailey Zac,MID/FWD,51.75,12,376000
Keays Ben,MID,60,2,350000
McCarthy Lincoln,FWD,49,2,305000
Cox Cedric,DEF,37.75,4,289000
Skinner Sam,DEF,0,0,244000
Smith Ely,MID,0,0,230000
Smith Archie,RUC,0,0,217000
Starcevich Brandon,MID/FWD,34,4,202000
Berry Thomas,MID,0,0,200000
Joyce Tom,MID,0,0,192000
McFadyen Connor,MID/FWD,0,0,188000
Eagles Matt,DEF,27.5,4,170000
Payne Jack,DEF,0,0,170000
Hinge Mitchell,DEF,0,0,170000
Answerth Noah,DEF/MID,0,0,170000
Ballenden Connor,FWD,0,0,170000
Wooller Toby,FWD,0,0,170000
Madden James,MID,0,0,170000
Lyons Corey,MID,0,0,170000
Fullarton Thomas,RUC,0,0,170000
Ross Sebastian,MID,107.33,21,779000
Steven Jack,MID,96.68,22,702000
Steele Jack,MID,94.43,21,685000
Billings Jack,FWD,85.19,21,618000
Dunstan Luke,MID,82.5,16,599000
Savage Shane,DEF,81.67,18,593000
Acres Blake,MID/FWD,80.5,12,584000
Webster Jimmy,DEF,78.82,17,572000
Armitage David,MID/FWD,76.8,15,557000
Sinclair Jack,MID,74.2,20,538000
Roberton Dylan,DEF,63,4,537000
Gresham Jade,FWD,73.18,22,531000
Austin Logan,DEF,79.57,7,525000
Carlisle Jake,DEF,71.41,17,518000
Geary Jarryn,DEF,70.95,20,515000
Marshall Rowan,FWD,70.5,12,512000
Membrey Tim,FWD,68.75,20,499000
Lonie Jack,FWD,66.91,11,486000
Longer Billy,RUC,44.4,5,484000
Phillips Ed,MID,72.86,7,481000
Newnes Jack,MID/FWD,66.32,22,481000
Hannebery Dan,MID,59.86,14,434000
Kent Dean,FWD,57.6,5,431000
Clark Hunter,DEF,58.07,15,421000
Coffield Nick,DEF,56.4,10,409000
McKenzie Daniel,DEF,55.23,13,401000
Rice Bailey,DEF,52.45,11,381000
Bruce Josh,FWD,59,3,379000
McCartin Paddy,FWD,49.77,13,361000
Long Ben,FWD,49.5,10,359000
White Brandon,DEF,49,6,336000
Pierce Lewis,RUC,55.67,3,319000
Battle Josh,FWD,47.67,6,304000
Paton Ben,DEF,49,3,281000
King Max,FWD,0,0,264000
Brown Nathan,DEF,29.07,15,211000
Bytel Jack,MID,0,0,190000
Parker Matthew,FWD,0,0,178000
Joyce Darragh,DEF,19,2,170000
Clavarino Oscar,DEF,0,0,170000
Langlands Doulton,MID/FWD,0,0,170000
Alabakis Sam,RUC,0,0,170000
Wilkie Callum,DEF,0,0,170000
Young Robert,FWD,0,0,170000
Hind Nick,MID,0,0,170000
Witts Jarrod,RUC,93.77,22,681000
Fiorini Brayden,MID,91.64,11,665000
Miller Touk,MID,85.95,22,624000
Swallow David,MID,84.65,20,614000
Martin Jack,MID/FWD,83.8,15,608000
Harbrow Jarrod,DEF,78.09,22,567000
Weller Lachie,DEF/MID,74.82,22,543000
Murdoch Jordan,MID,70.33,15,510000
Young Aaron,FWD,65.45,22,475000
Brodie Will,MID,68.38,8,466000
Holman Nick,FWD,63.91,22,464000
Bowes Jack,MID,63.75,16,463000
Wright Peter,FWD,58.14,7,459000
Sexton Alex,FWD,61.55,22,447000
Ainsworth Ben,FWD,60.88,16,442000
MacPherson Darcy,FWD,71.4,5,440000
Horlin-Smith George,MID,63,4,438000
Ah Chee Callum,DEF/FWD,58.71,14,426000
Miles Anthony,MID,78,1,425000
Hanley Pearce,DEF,60.33,3,414000
Joyce Jesse,DEF,55.26,19,401000
Day Sam,FWD,52.5,12,381000
Scheer Brad,MID/FWD,59.5,6,380000
Schoenfeld Josh,MID,56.33,6,360000
Leslie Jack,DEF,34.22,9,353000
Crossley Brayden,FWD,46.8,10,340000
Lemmens Sean,FWD,46.5,10,337000
Rischitelli Michael,DEF,44.43,21,322000
Ballard Charlie,DEF,43.45,11,315000
Hombsch Jack,DEF,41.57,14,302000
Dawson Jacob,MID,51,3,292000
Lukosius Jack,FWD,0,0,268000
Powell Wil,FWD,40.43,7,267000
Rankine Izak,FWD,0,0,266000
Ellis Corey,DEF/MID,43.5,4,261000
King Ben,FWD,0,0,260000
Heron Jacob,DEF/FWD,36,8,246000
Collins Sam,DEF,0,0,246000
Nicholls Tom,RUC,0,0,242000
Thompson Rory,DEF,31.47,17,228000
McLennan Jez,DEF,0,0,226000
Wigg Harrison,DEF,0,0,170000
Burgess Christopher,DEF/FWD,0,0,170000
Nutting Connor,DEF/FWD,0,0,170000
Graham Caleb,DEF/RUC,0,0,170000
Corbett Joshua,FWD,0,0,170000
Cripps Patrick,MID,109.32,22,793000
Curnow Ed,MID,100.29,21,728000
Murphy Marc,MID,97.08,13,705000
Simpson Kade,DEF,95.38,21,692000
Thomas Dale,DEF,85.65,20,622000
Docherty Sam,DEF,0,0,593000
Kreuzer Matthew,RUC,79.33,12,576000
Newman Nic,DEF,76.1,10,552000
Lobbe Matthew,RUC,85.83,6,548000
Curnow Charlie,FWD,73.85,20,536000
McGovern Mitch,FWD,71.08,12,516000
Petrevski-Seton Sam,FWD,70.05,22,508000
Fisher Zac,MID/FWD,69.47,17,504000
Kennedy Matthew,MID,64.42,12,467000
Lang Darcy,MID/FWD,64.27,11,466000
McKay Harry,FWD,62.31,13,452000
Bugg Tomas,MID,76.33,3,438000
Weitering Jacob,DEF,55.5,14,403000
Dow Paddy,MID/FWD,55.5,20,403000
O'Brien Lochie,MID,54.89,18,398000
Garlett Jarrod,FWD,54.27,11,394000
Marchbank Caleb,DEF,54,12,392000
Cuningham David,DEF,42.4,5,391000
Casboult Levi,FWD,52.8,10,383000
Jones Liam,DEF,52.06,17,378000
Fasolo Alex,FWD,12,1,378000
Phillips Andrew,RUC,57.6,5,355000
Silvagni Jack,DEF/FWD,48.67,15,353000
Plowman Lachie,DEF,48.38,13,351000
Kerr Pat,FWD,45.5,4,271000
Walsh Sam,MID,0,0,270000
Pickett Jarrod,FWD,40.57,7,268000
Williamson Tom,DEF,0,0,260000
Setterfield Will,MID/FWD,0,0,251000
Polson Cameron,FWD,33.33,12,242000
Stocker Liam,MID,0,0,234000
De Koning Tom,RUC/FWD,36.5,2,201000
Macreadie Harrison,DEF,0,0,176000
Goddard Hugh,DEF,25,1,170000
Schumacher Angus,DEF,0,0,170000
Lebois Kym,FWD,0,0,170000
Owies Matthew,MID/FWD,0,0,170000
Silvagni Ben,DEF/FWD,0,0,170000
O'Dwyer Finbar,FWD,0,0,170000