Max Gawn,106.5,826000,Ruck,Melbourne Demons
Lachie Neale,114.0,777000,Midfield,Brisbane Lions
Lachlan Hunter,14.2,732000,Midfield,Western Bulldogs
Zachary Merrett,48.2,803000,Midfield,Essendon Bombers
Clayton Oliver,82.25,786000,Midfield,Melbourne Demons
Jake Lloyd,81.8,795000,Defender,Sydney Swans
Steele Sidebottom,94.0,731000,Midfield,Collingwood Magpies
Taylor Adams,90.6,706000,Midfield,Collingwood Magpies
Tom Rockliff,77.6,737000,Midfield,Port Adelaide Power
Jack Steele,92.4,712000,Midfield,St Kilda Saints
Jackson Macrae,81.8,858000,Midfield,Western Bulldogs
Mitchell Duncan,89.4,784000,Midfield,Geelong Cats
Matt Crouch,70.75,788000,Midfield,Adeliade Crows
Brodie Grundy,105.0,906000,Ruck,Collingwood Magpies
Andrew Gaff,95.0,824000,Midfield,West Coast Eagles
Reilly O'Brien,82.0,709000,Ruck,Adeliade Crows
Christian Petracca,85.75,563000,Forward,Melbourne Demons
Lachie Whitfield,66.8,844000,Midfield,Greater Western Sydney Giants
Tom Mitchell,73.8,671000,Midfield,Hawthorn Hawks
Luke Parker,89.0,731000,Midfield,Sydney Swans
Joshua Kelly,87.0,860000,Midfield,Greater Western Sydney Giants
Jarryd Lyons,90.6,723000,Midfield,Brisbane Lions
Marcus Bontempelli,65.0,777000,Midfield,Western Bulldogs
Cameron Guthrie,67.8,569000,Midfield,Geelong Cats
Jed Anderson,67.8,584000,Midfield,North Melbourne Kangaroos
Adam Treloar,21.0,839000,Midfield,Collingwood Magpies
Travis Boak,85.0,784000,Midfield,Port Adelaide Power
Dylan Shiel,89.25,729000,Midfield,Essendon Bombers
Josh P. Kennedy,0.0,744000,Midfield,Sydney Swans
Sam Menegola,71.4,710000,Midfield,Geelong Cats
Touk Miller,82.2,675000,Midfield,Gold Coast Suns
Rory Laird,71.2,719000,Defender,Adeliade Crows
Patrick Dangerfield,73.4,798000,Midfield,Geelong Cats
Scott Pendlebury,89.8,769000,Midfield,Collingwood Magpies
Todd Goldstein,97.2,656000,Ruck,North Melbourne Kangaroos
Trent Dumont,72.8,654000,Midfield,North Melbourne Kangaroos
Stephen Coniglio,72.2,769000,Midfield,Greater Western Sydney Giants
Alex Witherden,11.4,555000,Defender,Brisbane Lions
Dayne Zorko,31.8,775000,Midfield,Brisbane Lions
Edward Curnow,64.2,667000,Midfield,Carlton Blues
Sam Walsh,63.4,684000,Midfield,Carlton Blues
Andrew McGrath,79.0,554000,Midfield,Essendon Bombers
James Worpel,78.4,718000,Midfield,Hawthorn Hawks
Hugh Greenwood,72.0,581000,Midfield,Gold Coast Suns
Oliver Wines,37.8,692000,Midfield,Port Adelaide Power
Josh Dunkley,47.6,824000,Midfield,Western Bulldogs
Thomas Stewart,62.0,705000,Defender,Geelong Cats
Rowan Marshall,79.4,736000,Ruck,St Kilda Saints
Andrew Brayshaw,65.8,516000,Midfield,Fremantle Dockers
Shaun Higgins,65.8,707000,Midfield,North Melbourne Kangaroos
Jack Crisp,68.4,725000,Defender,Collingwood Magpies
Tim Kelly,79.4,719000,Midfield,West Coast Eagles
Jaeger O'Meara,72.0,739000,Midfield,Hawthorn Hawks
Jack Viney,81.25,611000,Midfield,Melbourne Demons
Dustin Martin,71.0,721000,Midfield,Richmond Tigers
Nathan Fyfe,75.5,779000,Midfield,Fremantle Dockers
Patrick Cripps,84.4,753000,Midfield,Carlton Blues
Tim Taranto,0.0,835000,Midfield,Greater Western Sydney Giants
Blake Acres,0.0,501000,Midfield,Fremantle Dockers
Hugh McCluggage,82.4,678000,Midfield,Brisbane Lions
Brad Crouch,80.2,801000,Midfield,Adeliade Crows
Callum Mills,66.6,559000,Defender,Sydney Swans
Jack Billings,87.2,731000,Midfield,St Kilda Saints
Jayden Short,66.2,522000,Defender,Richmond Tigers
Michael Walters,81.2,694000,Midfield,Fremantle Dockers
Ed Langdon,74.0,683000,Midfield,Melbourne Demons
Timothy English,78.0,572000,Ruck,Western Bulldogs
Luke McDonald,50.2,431000,Defender,North Melbourne Kangaroos
Brandon Ellis,77.0,629000,Midfield,Gold Coast Suns
Tom Hawkins,67.2,526000,Forward,Geelong Cats
Caleb Daniel,68.2,696000,Defender,Western Bulldogs
Jared Polec,73.8,654000,Midfield,North Melbourne Kangaroos
Jordan Ridley,74.0,444000,Defender,Essendon Bombers
David Swallow,70.25,652000,Midfield,Gold Coast Suns
Zak Jones,76.5,614000,Midfield,St Kilda Saints
Christian Salem,39.2,665000,Defender,Melbourne Demons
Dan Houston,72.6,596000,Defender,Port Adelaide Power
Elliot Yeo,70.2,762000,Midfield,West Coast Eagles
Brayden Maynard,83.8,570000,Defender,Collingwood Magpies
Sam Docherty,94.0,563000,Defender,Carlton Blues
Jy Simpkin,81.6,496000,Midfield,North Melbourne Kangaroos
Matt Rowell,88.5,270000,Midfield,Gold Coast Suns
Devon Smith,70.0,720000,Midfield,Essendon Bombers
Nick Haynes,83.0,589000,Defender,Greater Western Sydney Giants
Isaac Heeney,72.8,666000,Midfield,Sydney Swans
Luke Ryan,56.8,594000,Defender,Fremantle Dockers
Jacob Hopper,64.6,695000,Midfield,Greater Western Sydney Giants
Harry Perryman,77.2,562000,Midfield,Greater Western Sydney Giants
Brad Ebert,85.4,594000,Forward,Port Adelaide Power
Thomas Liberatore,37.0,564000,Midfield,Western Bulldogs
Daniel Rich,67.2,653000,Defender,Brisbane Lions
Dominic Sheed,73.0,705000,Midfield,West Coast Eagles
Nicholas Naitanui,69.2,471000,Ruck,West Coast Eagles
James Sicily,60.2,620000,Defender,Hawthorn Hawks
Liam Duggan,59.2,495000,Defender,West Coast Eagles
Bradley Sheppard,69.2,611000,Defender,West Coast Eagles
Bailey Smith,62.0,513000,Midfield,Western Bulldogs
Rhys Stanley,26.0,603000,Ruck,Geelong Cats
Jack Steven,30.8,653000,Midfield,Geelong Cats
Jarrod Berry,75.4,591000,Midfield,Brisbane Lions
Kyle Langford,70.75,524000,Midfield,Essendon Bombers
Luke Shuey,65.2,749000,Midfield,West Coast Eagles
James Cousins,0.0,544000,Midfield,Hawthorn Hawks
Brandan Parfitt,52.2,536000,Midfield,Geelong Cats
Brodie Smith,60.2,646000,Defender,Adeliade Crows
Josh Daicos,73.0,431000,Midfield,Collingwood Magpies
Liam Shiels,57.8,708000,Midfield,Hawthorn Hawks
Dion Prestia,75.6,738000,Midfield,Richmond Tigers
Chad Wingard,81.2,582000,Midfield,Hawthorn Hawks
Toby Nankervis,40.4,642000,Ruck,Richmond Tigers
Will Setterfield,50.6,498000,Midfield,Carlton Blues
Joel Selwood,76.0,585000,Midfield,Geelong Cats
Caleb Serong,20.8,256000,Midfield,Fremantle Dockers
Marc Murphy,69.2,712000,Midfield,Carlton Blues
Jordan Dawson,58.4,614000,Defender,Sydney Swans
Adam Saad,74.0,499000,Defender,Essendon Bombers
Adam Cerra,58.6,451000,Defender,Fremantle Dockers
David Mundy,60.25,597000,Midfield,Fremantle Dockers
Bachar Houli,82.5,766000,Defender,Richmond Tigers
Toby Greene,67.75,730000,Forward,Greater Western Sydney Giants
Zachary Williams,34.4,688000,Defender,Greater Western Sydney Giants
Matthew Kennedy,0.0,359000,Forward,Carlton Blues
Darcy Parish,45.0,589000,Midfield,Essendon Bombers
Scott Lycett,73.2,619000,Ruck,Port Adelaide Power
Lachlan Weller,75.6,612000,Midfield,Gold Coast Suns
Trent Cotchin,72.2,525000,Midfield,Richmond Tigers
Isaac Smith,73.4,630000,Midfield,Hawthorn Hawks
Shannon Hurn,63.0,678000,Defender,West Coast Eagles
Jarrod Witts,67.0,775000,Ruck,Gold Coast Suns
Shai Bolton,64.75,473000,Forward,Richmond Tigers
Sam Jacobs,35.8,514000,Ruck,Greater Western Sydney Giants
Tom Lynch,0.0,463000,Forward,Adeliade Crows
Ben Keays,57.25,338000,Forward,Adeliade Crows
Jack Bowes,67.8,531000,Midfield,Gold Coast Suns
Jack Martin,71.0,619000,Midfield,Carlton Blues
Bailey Williams,57.8,575000,Defender,Western Bulldogs
Hunter Clark,61.0,574000,Defender,St Kilda Saints
Paul Seedsman,30.6,540000,Midfield,Adeliade Crows
Karl Amon,62.4,567000,Midfield,Port Adelaide Power
Angus Brayshaw,67.5,653000,Midfield,Melbourne Demons
Tom Phillips,59.4,672000,Midfield,Collingwood Magpies
Nicholas Coffield,65.5,415000,Defender,St Kilda Saints
Zach Tuohy,63.8,507000,Defender,Geelong Cats
Kane Lambert,60.4,643000,Forward,Richmond Tigers
Jack Lukosius,60.8,388000,Defender,Gold Coast Suns
Ben Ainsworth,67.0,483000,Midfield,Gold Coast Suns
Jason Johannisen,64.0,609000,Defender,Western Bulldogs
Darcy Byrne-Jones,65.2,640000,Defender,Port Adelaide Power
James Aish,65.2,496000,Defender,Fremantle Dockers
Jade Gresham,57.8,619000,Midfield,St Kilda Saints
Patrick Ryder,35.4,521000,Ruck,St Kilda Saints
Michael Gibbons,65.4,463000,Forward,Carlton Blues
Steven May,50.25,527000,Defender,Melbourne Demons
Aaron Hall,52.4,527000,Midfield,North Melbourne Kangaroos
Jack Gunston,58.2,565000,Forward,Hawthorn Hawks
Robbie Gray,55.0,603000,Midfield,Port Adelaide Power
Zak Butters,65.8,421000,Forward,Port Adelaide Power
Gryan Miers,70.4,495000,Forward,Geelong Cats
Rory Sloane,54.0,739000,Midfield,Adeliade Crows
Hamish Hartlett,61.6,567000,Defender,Port Adelaide Power
Callum Sinclair,36.6,568000,Ruck,Sydney Swans
Michael Hurley,65.75,574000,Defender,Essendon Bombers
Oliver Florent,68.8,514000,Midfield,Sydney Swans
Lewis Jetta,63.75,454000,Defender,West Coast Eagles
Hayden Crozier,61.6,531000,Defender,Western Bulldogs
Mark Blicavs,47.2,505000,Defender,Geelong Cats
Jonathon Ceglar,66.4,562000,Ruck,Hawthorn Hawks
Ricky Henderson,50.2,717000,Midfield,Hawthorn Hawks
Ryan Clarke,9.8,460000,Midfield,Sydney Swans
Sebastian Ross,69.8,700000,Midfield,St Kilda Saints
Oscar McInerney,57.2,417000,Ruck,Brisbane Lions
Will Day,0.0,246000,Defender,Hawthorn Hawks
Zac Bailey,52.0,358000,Defender,Brisbane Lions
Daniel Butler,72.6,384000,Forward,St Kilda Saints
Jack Graham,23.6,615000,Midfield,Richmond Tigers
Jack Higgins,70.5,497000,Forward,Richmond Tigers
Tom Doedee,52.25,403000,Defender,Adeliade Crows
Jake Riccardi,0.0,170000,Forward,Greater Western Sydney Giants
Noah Anderson,53.0,268000,Midfield,Gold Coast Suns
Kade Simpson,60.6,595000,Defender,Carlton Blues
Matthew Taberner,53.4,622000,Forward,Fremantle Dockers
Jack Redden,49.2,681000,Midfield,West Coast Eagles
John Noble,52.5,400000,Defender,Collingwood Magpies
Darcy Tucker,75.6,539000,Midfield,Fremantle Dockers
Robbie Tarrant,59.2,482000,Defender,North Melbourne Kangaroos
Jack Scrimshaw,27.0,438000,Defender,Hawthorn Hawks
Tom Papley,71.4,574000,Forward,Sydney Swans
Lachlan Fogarty,0.0,326000,Forward,Geelong Cats
Harry Cunningham,50.4,581000,Defender,Sydney Swans
Bayley Fritsch,56.5,551000,Defender,Melbourne Demons
Lachlan Henderson,0.0,424000,Defender,Geelong Cats
Jackson Hately,33.2,456000,Midfield,Greater Western Sydney Giants
Shane Edwards,55.4,549000,Defender,Richmond Tigers
Sam Mayes,0.0,300000,Midfield,Port Adelaide Power
Peter Ladhams,0.0,414000,Ruck,Port Adelaide Power
Michael Hibberd,42.8,455000,Defender,Melbourne Demons
Sam Powell-Pepper,50.6,559000,Midfield,Port Adelaide Power
Patrick Lipinski,39.6,634000,Midfield,Western Bulldogs
Reece Conca,54.8,554000,Midfield,Fremantle Dockers
Jordan De Goey,57.8,626000,Forward,Collingwood Magpies
Jack Newnes,42.2,517000,Midfield,Carlton Blues
Brett Bewley,63.4,367000,Forward,Fremantle Dockers
Nick Vlastuin,49.6,585000,Defender,Richmond Tigers
Dylan Stephens,0.0,262000,Midfield,Sydney Swans
Rupert Wills,35.2,458000,Midfield,Collingwood Magpies
Jackson Nelson,28.2,358000,Defender,West Coast Eagles
Charlie Dixon,67.5,513000,Forward,Port Adelaide Power
Daniel Hannebery,60.2,622000,Midfield,St Kilda Saints
Jeremy McGovern,29.0,511000,Defender,West Coast Eagles
Mitch Robinson,71.2,695000,Midfield,Brisbane Lions
Rory Lobb,62.2,588000,Ruck,Fremantle Dockers
Liam Ryan,55.6,422000,Forward,West Coast Eagles
Xavier Duursma,38.4,581000,Midfield,Port Adelaide Power
Jamie Elliott,47.0,502000,Forward,Collingwood Magpies
Luke Davies-Uniacke,0.0,395000,Midfield,North Melbourne Kangaroos
Bradley Hill,61.8,658000,Midfield,St Kilda Saints
James Rowbottom,54.4,469000,Midfield,Sydney Swans
Liam Baker,48.75,510000,Defender,Richmond Tigers
Gary Ablett,63.6,658000,Forward,Geelong Cats
Mitchell Brown,6.0,508000,Defender,Melbourne Demons
Brayden Fiorini,31.0,740000,Midfield,Gold Coast Suns
Jackson Thurlow,0.0,461000,Defender,Sydney Swans
Heath Shaw,60.6,612000,Defender,Greater Western Sydney Giants
Christopher Mayne,55.4,577000,Midfield,Collingwood Magpies
Connor Rozee,59.4,539000,Forward,Port Adelaide Power
Jasper Pittard,55.6,531000,Defender,North Melbourne Kangaroos
Kamdyn Mcintosh,17.0,468000,Midfield,Richmond Tigers
Luke Breust,56.5,506000,Forward,Hawthorn Hawks
David Zaharakis,40.0,590000,Midfield,Essendon Bombers
Sam Simpson,0.0,170000,Midfield,Geelong Cats
Oscar Allen,37.8,424000,Forward,West Coast Eagles
Marc Pittonet,67.75,305000,Ruck,Carlton Blues
Will Snelling,46.0,420000,Forward,Essendon Bombers
Shaun Atley,53.8,496000,Defender,North Melbourne Kangaroos
Justin Westhoff,64.8,574000,Midfield,Port Adelaide Power
Charlie Cameron,56.2,499000,Forward,Brisbane Lions
Jye Caldwell,25.8,310000,Midfield,Greater Western Sydney Giants
Jamie Cripps,46.8,476000,Forward,West Coast Eagles
Jack Darling,43.0,529000,Forward,West Coast Eagles
Sam Petrevski-Seton,55.0,577000,Defender,Carlton Blues
Tim Membrey,54.8,523000,Forward,St Kilda Saints
Mitchell Hibberd,5.6,197000,Midfield,Essendon Bombers
Jack Sinclair,0.0,493000,Midfield,St Kilda Saints
Ivan Soldo,35.0,538000,Ruck,Richmond Tigers
Levi Casboult,65.8,485000,Defender,Carlton Blues
Zac Fisher,10.8,469000,Midfield,Carlton Blues
Toby McLean,32.8,506000,Forward,Western Bulldogs
Jake Carlisle,54.5,393000,Defender,St Kilda Saints
Jason Castagna,47.6,511000,Forward,Richmond Tigers
Callan Ward,39.0,539000,Midfield,Greater Western Sydney Giants
Tom Green,27.4,252000,Midfield,Greater Western Sydney Giants
Shane McAdam,15.8,170000,Forward,Adeliade Crows
David Astbury,58.0,416000,Defender,Richmond Tigers
Dane Rampe,42.8,589000,Defender,Sydney Swans
Harry Morrison,17.6,477000,Midfield,Hawthorn Hawks
Trent Rivers,24.0,208000,Defender,Melbourne Demons
Jake Waterman,12.6,456000,Forward,West Coast Eagles
Darcy Fort,30.4,321000,Forward,Geelong Cats
Callum Ah Chee,48.5,345000,Midfield,Brisbane Lions
Luke Dahlhaus,53.2,574000,Forward,Geelong Cats
Jack Lonie,55.0,493000,Forward,St Kilda Saints
Isaac Quaynor,0.0,370000,Defender,Collingwood Magpies
Conor McKenna,0.0,522000,Defender,Essendon Bombers
David MacKay,0.0,486000,Defender,Adeliade Crows
Marlion Pickett,27.0,170000,Midfield,Richmond Tigers
Josh Battle,25.2,508000,Defender,St Kilda Saints
Nathan Wilson,21.6,481000,Defender,Fremantle Dockers
Adam Tomlinson,63.25,574000,Midfield,Melbourne Demons
Sean Darcy,22.0,511000,Ruck,Fremantle Dockers
Cameron Rayner,50.4,334000,Forward,Brisbane Lions
Daniel Rioli,41.0,417000,Forward,Richmond Tigers
Ethan Hughes,46.0,431000,Defender,Fremantle Dockers
Grant Birchall,49.25,428000,Defender,Brisbane Lions
Connor Blakely,0.0,555000,Defender,Fremantle Dockers
Jeremy Cameron,53.0,649000,Forward,Greater Western Sydney Giants
Darcy Moore,48.2,409000,Defender,Collingwood Magpies
Ryan Lester,44.25,457000,Defender,Brisbane Lions
Josh Caddy,63.0,523000,Midfield,Richmond Tigers
Jack Ross,16.2,419000,Midfield,Richmond Tigers
Tom Cutler,23.6,496000,Midfield,Essendon Bombers
Sam Draper,0.0,170000,Ruck,Essendon Bombers
Josh Rotham,4.8,336000,Defender,West Coast Eagles
George Hewett,47.0,559000,Midfield,Sydney Swans
Justin Mcinerney,44.0,170000,Midfield,Sydney Swans
David Cuningham,58.8,477000,Forward,Carlton Blues
Lachlan Schultz,42.2,320000,Forward,Fremantle Dockers
Aidan Corr,55.6,265000,Defender,Greater Western Sydney Giants
Stephen Hill,18.8,428000,Defender,Fremantle Dockers
Elliott Himmelberg,4.8,439000,Forward,Adeliade Crows
Eric Hipwood,55.0,424000,Forward,Brisbane Lions
Ben McEvoy,42.8,618000,Ruck,Hawthorn Hawks
Jeremy Finlayson,52.2,525000,Forward,Greater Western Sydney Giants
Jarrod Brander,55.25,217000,Defender,West Coast Eagles
Wil Powell,44.75,407000,Midfield,Gold Coast Suns
Will Hoskin-Elliott,50.0,559000,Forward,Collingwood Magpies
Trent McKenzie,52.8,390000,Defender,Port Adelaide Power
James Harmes,55.25,698000,Midfield,Melbourne Demons
Alex Sexton,46.5,435000,Forward,Gold Coast Suns
Cameron Zurhaar,49.0,475000,Forward,North Melbourne Kangaroos
Riley Bonner,47.5,497000,Defender,Port Adelaide Power
Jamie MacMillan,48.0,557000,Defender,North Melbourne Kangaroos
Lincoln McCarthy,51.4,444000,Forward,Brisbane Lions
Lachlan Sholl,0.0,170000,Defender,Adeliade Crows
Andrew Phillips,12.0,507000,Ruck,Essendon Bombers
Ryan Burton,23.4,536000,Defender,Port Adelaide Power
Ben Paton,59.0,442000,Defender,St Kilda Saints
Brody Mihocek,50.6,540000,Forward,Collingwood Magpies
Shane Mumford,20.0,488000,Ruck,Greater Western Sydney Giants
Jesse Hogan,25.8,490000,Forward,Fremantle Dockers
Izak Rankine,0.0,170000,Forward,Gold Coast Suns
Nathan Jones,7.8,546000,Defender,Melbourne Demons
Esava Ratugolea,45.2,372000,Forward,Geelong Cats
Tom Lynch,51.2,463000,Forward,Richmond Tigers
Nathan Broad,39.0,372000,Defender,Richmond Tigers
Gary Rohan,50.6,365000,Forward,Geelong Cats
Harry McKay,16.6,456000,Forward,Carlton Blues
Mark O'Connor,55.8,439000,Defender,Geelong Cats
Jack Madgen,14.0,288000,Defender,Collingwood Magpies
Darcy Macpherson,52.8,648000,Midfield,Gold Coast Suns
Jack Riewoldt,42.6,434000,Forward,Richmond Tigers
Callum Wilkie,48.2,444000,Defender,St Kilda Saints
Brent Daniels,35.8,450000,Forward,Greater Western Sydney Giants
Bailey Scott,7.0,329000,Midfield,North Melbourne Kangaroos
Will Hayward,37.8,414000,Forward,Sydney Swans
Blake Hardwick,45.25,536000,Defender,Hawthorn Hawks
Stefan Martin,29.0,629000,Ruck,Brisbane Lions
Jaidyn Stephenson,36.2,599000,Forward,Collingwood Magpies
Derek Eggmolesse-Smith,0.0,327000,Defender,Richmond Tigers
Nick Blakey,45.8,366000,Forward,Sydney Swans
Daniel Lloyd,52.25,422000,Forward,Greater Western Sydney Giants
Luke Brown,49.6,437000,Defender,Adeliade Crows
Joshua Kennedy,38.8,401000,Forward,West Coast Eagles
Levi Greenwood,0.0,471000,Defender,Collingwood Magpies
Matt Guelfi,14.8,419000,Midfield,Essendon Bombers
Anthony McDonald-Tipungwuti,46.0,467000,Forward,Essendon Bombers
Quinton Narkle,56.75,497000,Midfield,Geelong Cats
Andrew McPherson,0.0,170000,Defender,Adeliade Crows
Pearce Hanley,44.5,567000,Defender,Gold Coast Suns
Tom Scully,45.2,490000,Midfield,Hawthorn Hawks
Dean Kent,37.4,454000,Forward,St Kilda Saints
Mason Redman,49.75,511000,Defender,Essendon Bombers
Taylin Duman,27.4,489000,Defender,Fremantle Dockers
Aaron Vandenberg,15.8,353000,Midfield,Melbourne Demons
Ed Vickers-Willis,0.0,287000,Defender,North Melbourne Kangaroos
Samuel Collins,44.8,348000,Defender,Gold Coast Suns
Jacob Weitering,46.6,417000,Defender,Carlton Blues
Marley Williams,21.4,411000,Defender,North Melbourne Kangaroos
Jake Lever,31.0,418000,Defender,Melbourne Demons
Mitchell Wallis,48.8,588000,Forward,Western Bulldogs
Mitchell Crowden,6.6,354000,Forward,Fremantle Dockers
Jake Kolodjashnij,20.2,358000,Defender,Geelong Cats
Curtis Taylor,55.6,170000,Forward,North Melbourne Kangaroos
Ben Crocker,51.25,283000,Forward,Adeliade Crows
Jed Bews,40.25,363000,Defender,Geelong Cats
Callum Brown,46.8,484000,Forward,Collingwood Magpies
Todd Marshall,57.8,385000,Forward,Port Adelaide Power
Mitch Georgiades,12.0,236000,Forward,Port Adelaide Power
Jarrod Lienert,8.6,543000,Defender,Port Adelaide Power
Cale Hooker,31.0,553000,Defender,Essendon Bombers
Sam Wicks,0.0,,Forward,Sydney Swans
Shaun Burgoyne,41.4,525000,Defender,Hawthorn Hawks
Tom Cole,17.2,419000,Defender,West Coast Eagles
Thomas Jonas,36.0,476000,Defender,Port Adelaide Power
Bailey Banfield,17.8,433000,Forward,Fremantle Dockers
Harris Andrews,44.8,418000,Defender,Brisbane Lions
Ben Long,45.4,392000,Forward,St Kilda Saints
Tom Bellchambers,29.8,531000,Ruck,Essendon Bombers
Laitham Vandermeer,50.5,170000,Midfield,Western Bulldogs
Myles Poholke,20.4,288000,Forward,Adeliade Crows
Jarrod Harbrow,46.75,525000,Defender,Gold Coast Suns
Harrison Himmelberg,43.8,449000,Forward,Greater Western Sydney Giants
Sam Lloyd,38.75,577000,Forward,Western Bulldogs
Steven Motlop,55.4,479000,Forward,Port Adelaide Power
Tom McDonald,41.5,473000,Forward,Melbourne Demons
Eddie Betts,43.25,435000,Forward,Carlton Blues
Tom Williamson,28.8,251000,Defender,Carlton Blues
Sam Reid,0.0,514000,Forward,Sydney Swans
Daniel Howe,0.0,500000,Defender,Hawthorn Hawks
Darcy Gardiner,47.2,428000,Defender,Brisbane Lions
Lachlan Plowman,37.0,460000,Defender,Carlton Blues
Matthew De Boer,48.8,519000,not found,Greater Western Sydney Giants
Jayden Laverde,12.4,425000,Forward,Essendon Bombers
Noah Answerth,11.8,416000,Defender,Brisbane Lions
Aliir Aliir,43.4,478000,Defender,Sydney Swans
Tom Barrass,39.0,418000,Defender,West Coast Eagles
Lachlan Ash,20.4,264000,Defender,Greater Western Sydney Giants
Kane Farrell,16.2,334000,Forward,Port Adelaide Power
Dougal Howard,36.8,403000,Defender,St Kilda Saints
Lewis Taylor,51.5,456000,Midfield,Sydney Swans
Joshua Walker,40.0,415000,Defender,North Melbourne Kangaroos
Dylan Grimes,38.2,413000,Defender,Richmond Tigers
Lachlan Murphy,37.4,409000,Forward,Adeliade Crows
Tom Sparrow,0.0,293000,Forward,Melbourne Demons
Jack Henry,38.4,326000,Defender,Geelong Cats
Jake Aarts,10.8,170000,Forward,Richmond Tigers
Jake Melksham,34.5,555000,Forward,Melbourne Demons
Brennan Cox,24.6,417000,Forward,Fremantle Dockers
Cameron Ellis-Yolmen,26.0,652000,Midfield,Brisbane Lions
Keidean Coleman,0.0,198000,Midfield,Brisbane Lions
Boyd Woodcock,0.0,170000,Forward,Port Adelaide Power
Nicholas Holman,45.4,470000,Forward,Gold Coast Suns
Darcy Cameron,18.0,170000,Ruck,Collingwood Magpies
Sam Gray,45.5,553000,Forward,Sydney Swans
Noah Balta,15.4,353000,Ruck,Richmond Tigers
Josh Corbett,0.0,317000,Forward,Gold Coast Suns
Nick Hind,14.2,358000,Forward,St Kilda Saints
Oleg Markov,0.0,310000,Midfield,Richmond Tigers
Tom Clurey,52.6,430000,Defender,Port Adelaide Power
Robbie Fox,15.6,389000,Defender,Sydney Swans
Alex Neal-Bullen,19.4,457000,Forward,Melbourne Demons
Max King,40.4,170000,Forward,St Kilda Saints
Thomas Murphy,5.0,217000,Defender,North Melbourne Kangaroos
Jarryn Geary,18.6,448000,Defender,St Kilda Saints
Dylan Clarke,0.0,491000,Midfield,Essendon Bombers
Tom De Koning,0.0,190000,Ruck,Carlton Blues
Charlie Ballard,43.75,404000,Defender,Gold Coast Suns
Ian Hill,0.0,340000,Forward,Greater Western Sydney Giants
Hayden Young,51.5,258000,Defender,Fremantle Dockers
Mitch McGovern,45.0,362000,Forward,Carlton Blues
Aaron Francis,30.8,400000,Defender,Essendon Bombers
Adam Kennedy,0.6,485000,Defender,Greater Western Sydney Giants
Jake Stringer,60.75,485000,Forward,Essendon Bombers
Harry Schoenberg,0.0,224000,Midfield,Adeliade Crows
Easton Wood,23.0,347000,Defender,Western Bulldogs
Travis Varcoe,5.6,398000,Forward,Collingwood Magpies
James Bell,0.0,209000,Midfield,Sydney Swans
Brandon Starcevich,51.2,189000,Defender,Brisbane Lions
Roarke Smith,0.0,329000,Midfield,Western Bulldogs
Matt Cottrell,0.0,,Midfield,Carlton Blues
Alex Keath,45.8,498000,Defender,Western Bulldogs
Tim O'Brien,38.2,439000,Defender,Hawthorn Hawks
Ed Richards,47.0,378000,Midfield,Western Bulldogs
Tyson Stengle,7.8,327000,Forward,Adeliade Crows
Josh Thomas,12.6,439000,Forward,Collingwood Magpies
Billy Frampton,25.2,293000,Forward,Adeliade Crows
Bradley Close,0.0,170000,Midfield,Geelong Cats
Brayden Ham,15.2,303000,Midfield,Essendon Bombers
Bailey Dale,45.0,500000,Forward,Western Bulldogs
Paul Puopolo,23.2,406000,Forward,Hawthorn Hawks
Harry Taylor,52.0,426000,Defender,Geelong Cats
James Stewart,0.0,316000,Forward,Essendon Bombers
Martin Gleeson,19.6,420000,Defender,Essendon Bombers
Sam Day,44.8,473000,Forward,Gold Coast Suns
Matthew Suckling,31.4,629000,Defender,Western Bulldogs
Brendon Ah Chee,40.8,384000,Midfield,West Coast Eagles
Jake Kelly,35.4,497000,Defender,Adeliade Crows
Shaun McKernan,29.2,505000,Forward,Essendon Bombers
Sam Frost,46.6,390000,Defender,Hawthorn Hawks
Tom Atkins,28.5,395000,Forward,Geelong Cats
Jonathon Marsh,29.0,246000,Defender,St Kilda Saints
Sam Weideman,0.0,381000,Forward,Melbourne Demons
Daniel McStay,43.0,383000,Forward,Brisbane Lions
Tyler Brown,34.8,170000,Midfield,Collingwood Magpies
Orazio Fantasia,21.6,404000,Forward,Essendon Bombers
Jordan Roughead,39.6,412000,Defender,Collingwood Magpies
Paul Ahern,17.6,463000,Defender,North Melbourne Kangaroos
Tarryn Thomas,38.2,410000,Forward,North Melbourne Kangaroos
Liam Jones,38.0,333000,Defender,Carlton Blues
Josh Bruce,41.2,433000,Forward,Western Bulldogs
Ben Brown,44.0,534000,Forward,North Melbourne Kangaroos
Ben King,51.2,290000,Forward,Gold Coast Suns
Tom McCartin,19.0,360000,Forward,Sydney Swans
Taylor Walker,36.2,468000,Forward,Adeliade Crows
Kyle Hartigan,5.8,314000,Defender,Adeliade Crows
Hayden McLean,26.4,394000,Ruck,Sydney Swans
Mason Cox,22.6,382000,Forward,Collingwood Magpies
Xavier O'Neill,0.0,170000,Midfield,West Coast Eagles
Aaron Naughton,29.0,475000,Forward,Western Bulldogs
Luke Jackson,5.8,266000,Ruck,Melbourne Demons
Oliver Hanrahan,40.5,372000,Forward,Hawthorn Hawks
Mitchell Hannan,20.6,391000,Forward,Melbourne Demons
Ben McKay,0.0,192000,Defender,North Melbourne Kangaroos
Jay Lockhart,23.0,419000,Forward,Melbourne Demons
Charlie Spargo,5.0,412000,Forward,Melbourne Demons
Harley Bennell,9.4,,Midfield,Melbourne Demons
Jarman Impey,0.0,530000,Defender,Hawthorn Hawks
Jack Ziebell,45.5,666000,Midfield,North Melbourne Kangaroos
Ned McHenry,33.25,170000,Midfield,Adeliade Crows
Lewis Melican,4.0,315000,Defender,Sydney Swans
Sydney Stack,31.25,536000,Defender,Richmond Tigers
Connor Budarick,43.0,170000,Midfield,Gold Coast Suns
Zaine Cordy,44.5,301000,Defender,Western Bulldogs
Mason Wood,10.4,453000,Forward,North Melbourne Kangaroos
Daniel Talia,33.6,420000,Defender,Adeliade Crows
Kyron Hayden,32.5,170000,Midfield,North Melbourne Kangaroos
Colin O'Riordan,31.75,410000,Defender,Sydney Swans
Lachlan Keeffe,11.8,315000,Defender,Greater Western Sydney Giants
Phil Davis,37.8,502000,Defender,Greater Western Sydney Giants
Darcy Fogarty,23.8,361000,Forward,Adeliade Crows
Changkuoth Jiath,0.0,302000,Defender,Hawthorn Hawks
Jayden Hunt,20.8,408000,Forward,Melbourne Demons
Oscar McDonald,9.4,286000,Defender,Melbourne Demons
Brayden Ainsworth,0.0,334000,Midfield,West Coast Eagles
Griffin Logue,35.2,375000,Defender,Fremantle Dockers
Zac Langdon,14.6,298000,Forward,Greater Western Sydney Giants
Jack Mahony,10.8,204000,Midfield,North Melbourne Kangaroos
Brandon Matera,23.2,460000,Forward,Fremantle Dockers
Mabior Chol,7.8,391000,Ruck,Richmond Tigers
Nick Larkey,6.6,399000,Forward,North Melbourne Kangaroos
Jacob Townsend,42.75,266000,Forward,Essendon Bombers
Travis Colyer,41.75,448000,Forward,Fremantle Dockers
Lachlan Hosie,0.0,170000,Forward,North Melbourne Kangaroos
Jack Payne,0.0,170000,Defender,Brisbane Lions
Kysaiah Pickett,22.8,248000,Forward,Melbourne Demons
Benjamin Stratton,32.4,277000,Defender,Hawthorn Hawks
Sean Lemmens,17.0,369000,Midfield,Gold Coast Suns
Aiden Bonar,7.0,333000,Midfield,North Melbourne Kangaroos
Chayce Jones,32.4,318000,Forward,Adeliade Crows
Brandon Zerk-Thatcher,8.0,312000,Defender,Essendon Bombers
Will Hamill,20.2,,Defender,Adeliade Crows
James Frawley,33.2,370000,Defender,Hawthorn Hawks
Sam Flanders,0.0,250000,Midfield,Gold Coast Suns
Minairo Frederick,0.0,170000,Forward,Fremantle Dockers
Jack Petruccelle,19.6,379000,Forward,West Coast Eagles
Ryan Gardner,13.8,170000,Forward,Western Bulldogs
Caleb Graham,2.4,268000,Defender,Gold Coast Suns
Thomas Berry,21.2,170000,Forward,Brisbane Lions
Mitchell Lewis,6.2,467000,Forward,Hawthorn Hawks
Fischer McAsey,26.75,260000,Defender,Adeliade Crows
Archie Smith,12.2,259000,Ruck,Brisbane Lions
Jonathon Patton,18.8,366000,Ruck,Hawthorn Hawks
Jarrod Cameron,0.0,338000,Forward,West Coast Eagles
Joel Smith,16.0,287000,Defender,Melbourne Demons
Neville Jetta,10.2,342000,Defender,Melbourne Demons
Ben Cunnington,40.0,608000,Midfield,
Jeremy Howe,85.5,515000,Defender,
Luke Dunstan,20.0,637000,Midfield,
Sam Naismith,30.8,284000,Ruck,
Wayne Milera,20.6,570000,Defender,
Rory Atkins,20.4,604000,Midfield,
Sam Sturt,23.4,170000,Forward,
Jordan Clark,10.2,468000,Midfield,
Jesse Joyce,10.0,436000,Defender,
Kaiden Brand,16.2,314000,Defender,
Nic Newman,11.6,693000,Defender,
Will Brodie,9.0,612000,Midfield,
Ben Ronke,26.4,360000,Forward,
Paddy Dow,7.6,397000,Midfield,
Ben Davis,7.4,170000,Forward,
Isaac Cumming,14.8,314000,Defender,
Jack Silvagni,16.6,491000,Forward,
Toby Bedford,5.2,170000,Forward,
Deven Robertson,5.2,228000,Midfield,
Zach Guthrie,5.0,312000,Defender,
Ben Cavarra,4.6,170000,Forward,
Dylan Roberton,4.0,327000,Defender,
Matthew Kreuzer,3.2,614000,Ruck,
Bryce Gibbs,2.8,600000,Midfield,
Lewis Young,2.8,318000,Defender,
Sam Taylor,35.25,318000,Defender,
Marcus Adams,2.4,430000,Defender,
Tom Hickey,7.4,224000,Ruck,
Lin Jong,29.8,307000,Midfield,
Dyson Heppell,10.4,696000,Midfield,
Darcy Lang,5.0,448000,Forward,
Billy Gowers,4.0,170000,Forward,
Will Schofield,5.2,183000,Defender,
Rhylee West,18.6,302000,Forward,
Louis Butler,8.6,170000,Defender,
Tristan Xerri,11.4,170000,Ruck,
Sam Philp,11.2,189000,Midfield,
Matthew Scharenberg,10.0,495000,Defender,
Josh Schache,9.6,408000,Forward,
Harrison Jones,7.2,213000,Forward,
Atu Bosenavulagi,0.0,170000,Forward,
Ryley Stoddart,0.0,192000,Defender,
Chad Warner,0.0,194000,Midfield,
Will Kelly,0.0,170000,Forward,
Josh Morris,0.0,170000,Forward,
Cameron Sutcliffe,0.0,342000,Forward,
Tom Campbell,0.0,170000,Ruck,
Cody Weightman,0.0,242000,Forward,
Ned Cahill,0.0,170000,Midfield,
Elijah Taylor,0.0,200000,Midfield,
Ryan Byrnes,0.0,170000,Midfield,
Charlie Constable,0.0,563000,Midfield,
Matthew Ling,0.0,170000,Defender,
Patrick Naish,0.0,414000,Midfield,
Callum Porter,0.0,170000,Midfield,
Tobe Watson,0.0,170000,Defender,
Matthew Parker,0.0,394000,Forward,
Shane Savage,0.0,581000,Defender,
Majak Daw,0.0,333000,Defender,
Sam Skinner,0.0,232000,Forward,
Brayden Sier,0.0,493000,Midfield,
Jackson Trengove,0.0,422000,Defender,
Connor Ballenden,0.0,170000,Forward,
Kieran Strachan,0.0,170000,Ruck,
Mark Keane,0.0,170000,Defender,
Riley Knight,0.0,532000,Forward,
Harry Edwards,0.0,170000,Defender,
Will Walker,0.0,258000,Forward,
Xavier O'Halloran,0.0,170000,Midfield,
Ben Reid,0.0,428000,Forward,
Trey Ruscoe,0.0,170000,Defender,
Jeremy Sharp,0.0,218000,Midfield,
Jack Bytel,0.0,170000,Midfield,
Conor Nash,0.0,301000,Forward,
Sam Durdin,0.0,179000,Defender,
Matt Eagles,0.0,170000,Defender,
Conor Glass,0.0,344000,Defender,
Braydon Preuss,0.0,381000,Ruck,
Rhys Mathieson,0.0,443000,Midfield,
Zac Foot,0.0,170000,Midfield,
Kobe Mutch,0.0,239000,Midfield,
Josh Honey,0.0,211000,Midfield,
Irving Mosquito,0.0,170000,Forward,
Michael Hartley,0.0,336000,Defender,
Liam Henry,0.0,263000,Midfield,
Flynn Appleby,0.0,268000,Defender,
Jordon Butts,0.0,281000,Defender,
Joe Daniher,0.0,420000,Forward,
Will Hayes,0.0,484000,Midfield,
Thomson Dow,0.0,230000,Midfield,
Mark Hutchings,0.0,378000,Midfield,
Cameron Polson,0.0,195000,Forward,
Tory Dickson,0.0,243000,Forward,
Max Lynch,0.0,170000,Ruck,
Josh Jenkins,0.0,557000,Forward,
Damon Greaves,0.0,335000,Defender,
Flynn Perez,0.0,202000,Defender,
Dylan Moore,0.0,365000,Forward,
Oskar Baker,0.0,396000,Midfield,
Ryan Abbott,0.0,343000,Ruck,
Taylor Duryea,0.0,569000,Defender,
Mitchell Hinge,0.0,307000,Midfield,
Jack Buckley,0.0,170000,Midfield,
Finn Maginness,0.0,214000,Midfield,
Lochie O'Brien,0.0,394000,Midfield,
Taylor Garner,0.0,424000,Forward,
Ben Jarvis,0.0,170000,Defender,
Hamish Brayshaw,0.0,170000,Midfield,
Joel Amartey,0.0,170000,Ruck,
Connor Idun,0.0,184000,Defender,
Jy Farrar,0.0,170000,Forward,
Luke Foley,0.0,170000,Defender,
