Max Gawn,106.5,826000,Ruck,Melbourne Demons,15,0.00012893462469733657
Lachie Neale,114.0,777000,Midfield,Brisbane Lions,10,0.00014671814671814672
Lachlan Hunter,14.2,732000,Midfield,Western Bulldogs,1,1.9398907103825135e-05
Zachary Merrett,48.2,803000,Midfield,Essendon Bombers,5,6.002490660024907e-05
Clayton Oliver,82.25,786000,Midfield,Melbourne Demons,5,0.00010464376590330789
Jake Lloyd,81.8,795000,Defender,Sydney Swans,5,0.00010289308176100628
Steele Sidebottom,94.0,731000,Midfield,Collingwood Magpies,0,0.0001285909712722298
Taylor Adams,90.6,706000,Midfield,Collingwood Magpies,16,0.000128328611898017
Tom Rockliff,77.6,737000,Midfield,Port Adelaide Power,0,0.00010529172320217095
Jack Steele,92.4,712000,Midfield,St Kilda Saints,7,0.00012977528089887642
Jackson Macrae,81.8,858000,Midfield,Western Bulldogs,5,9.533799533799533e-05
Mitchell Duncan,89.4,784000,Midfield,Geelong Cats,0,0.00011403061224489797
Matt Crouch,70.75,788000,Midfield,Adeliade Crows,4,8.978426395939086e-05
Brodie Grundy,105.0,906000,Ruck,Collingwood Magpies,41,0.00011589403973509934
Andrew Gaff,95.0,824000,Midfield,West Coast Eagles,2,0.00011529126213592233
Reilly O'Brien,82.0,709000,Ruck,Adeliade Crows,0,0.00011565585331452751
Christian Petracca,85.75,563000,Forward,Melbourne Demons,31,0.00015230905861456483
Lachie Whitfield,66.8,844000,Midfield,Greater Western Sydney Giants,27,7.914691943127962e-05
Tom Mitchell,73.8,671000,Midfield,Hawthorn Hawks,7,0.00010998509687034277
Luke Parker,89.0,731000,Midfield,Sydney Swans,0,0.00012175102599179206
Joshua Kelly,87.0,860000,Midfield,Greater Western Sydney Giants,8,0.00010116279069767441
Jarryd Lyons,90.6,723000,Midfield,Brisbane Lions,0,0.00012531120331950207
Marcus Bontempelli,65.0,777000,Midfield,Western Bulldogs,15,8.365508365508366e-05
Cameron Guthrie,67.8,569000,Midfield,Geelong Cats,0,0.00011915641476274164
Jed Anderson,67.8,584000,Midfield,North Melbourne Kangaroos,21,0.0001160958904109589
Adam Treloar,21.0,839000,Midfield,Collingwood Magpies,1,2.502979737783075e-05
Travis Boak,85.0,784000,Midfield,Port Adelaide Power,3,0.00010841836734693877
Dylan Shiel,89.25,729000,Midfield,Essendon Bombers,0,0.00012242798353909466
Josh P. Kennedy,0.0,744000,Midfield,Sydney Swans,0,0.0
Sam Menegola,71.4,710000,Midfield,Geelong Cats,3,0.00010056338028169015
Touk Miller,82.2,675000,Midfield,Gold Coast Suns,0,0.00012177777777777778
Rory Laird,71.2,719000,Defender,Adeliade Crows,3,9.902642559109875e-05
Patrick Dangerfield,73.4,798000,Midfield,Geelong Cats,10,9.197994987468673e-05
Scott Pendlebury,89.8,769000,Midfield,Collingwood Magpies,0,0.00011677503250975293
Todd Goldstein,97.2,656000,Ruck,North Melbourne Kangaroos,2,0.0001481707317073171
Trent Dumont,72.8,654000,Midfield,North Melbourne Kangaroos,0,0.00011131498470948012
Stephen Coniglio,72.2,769000,Midfield,Greater Western Sydney Giants,8,9.388816644993498e-05
Alex Witherden,11.4,555000,Defender,Brisbane Lions,0,2.054054054054054e-05
Dayne Zorko,31.8,775000,Midfield,Brisbane Lions,1,4.103225806451613e-05
Edward Curnow,64.2,667000,Midfield,Carlton Blues,2,9.625187406296853e-05
Sam Walsh,63.4,684000,Midfield,Carlton Blues,3,9.269005847953217e-05
Andrew McGrath,79.0,554000,Midfield,Essendon Bombers,4,0.00014259927797833936
James Worpel,78.4,718000,Midfield,Hawthorn Hawks,0,0.00010919220055710308
Hugh Greenwood,72.0,581000,Midfield,Gold Coast Suns,38,0.00012392426850258177
Oliver Wines,37.8,692000,Midfield,Port Adelaide Power,0,5.46242774566474e-05
Josh Dunkley,47.6,824000,Midfield,Western Bulldogs,11,5.7766990291262135e-05
Thomas Stewart,62.0,705000,Defender,Geelong Cats,0,8.794326241134752e-05
Rowan Marshall,79.4,736000,Ruck,St Kilda Saints,0,0.00010788043478260871
Andrew Brayshaw,65.8,516000,Midfield,Fremantle Dockers,28,0.00012751937984496124
Shaun Higgins,65.8,707000,Midfield,North Melbourne Kangaroos,0,9.306930693069306e-05
Jack Crisp,68.4,725000,Defender,Collingwood Magpies,14,9.434482758620691e-05
Tim Kelly,79.4,719000,Midfield,West Coast Eagles,8,0.00011043115438108485
Jaeger O'Meara,72.0,739000,Midfield,Hawthorn Hawks,0,9.742895805142083e-05
Jack Viney,81.25,611000,Midfield,Melbourne Demons,21,0.00013297872340425532
Dustin Martin,71.0,721000,Midfield,Richmond Tigers,13,9.84743411927878e-05
Nathan Fyfe,75.5,779000,Midfield,Fremantle Dockers,3,9.69191270860077e-05
Patrick Cripps,84.4,753000,Midfield,Carlton Blues,19,0.00011208499335989376
Tim Taranto,0.0,835000,Midfield,Greater Western Sydney Giants,3,0.0
Blake Acres,0.0,501000,Midfield,Fremantle Dockers,4,0.0
Hugh McCluggage,82.4,678000,Midfield,Brisbane Lions,5,0.00012153392330383481
Brad Crouch,80.2,801000,Midfield,Adeliade Crows,4,0.00010012484394506867
Callum Mills,66.6,559000,Defender,Sydney Swans,2,0.00011914132379248657
Jack Billings,87.2,731000,Midfield,St Kilda Saints,0,0.00011928864569083447
Jayden Short,66.2,522000,Defender,Richmond Tigers,4,0.00012681992337164753
Michael Walters,81.2,694000,Midfield,Fremantle Dockers,6,0.00011700288184438041
Ed Langdon,74.0,683000,Midfield,Melbourne Demons,3,0.00010834553440702782
Timothy English,78.0,572000,Ruck,Western Bulldogs,7,0.00013636363636363637
Luke McDonald,50.2,431000,Defender,North Melbourne Kangaroos,0,0.00011647331786542924
Brandon Ellis,77.0,629000,Midfield,Gold Coast Suns,0,0.00012241653418124007
Tom Hawkins,67.2,526000,Forward,Geelong Cats,0,0.00012775665399239545
Caleb Daniel,68.2,696000,Defender,Western Bulldogs,0,9.798850574712644e-05
Jared Polec,73.8,654000,Midfield,North Melbourne Kangaroos,0,0.0001128440366972477
Jordan Ridley,74.0,444000,Defender,Essendon Bombers,0,0.00016666666666666666
David Swallow,70.25,652000,Midfield,Gold Coast Suns,1,0.00010774539877300613
Zak Jones,76.5,614000,Midfield,St Kilda Saints,10,0.0001245928338762215
Christian Salem,39.2,665000,Defender,Melbourne Demons,0,5.8947368421052634e-05
Dan Houston,72.6,596000,Defender,Port Adelaide Power,8,0.00012181208053691274
Elliot Yeo,70.2,762000,Midfield,West Coast Eagles,7,9.21259842519685e-05
Brayden Maynard,83.8,570000,Defender,Collingwood Magpies,0,0.00014701754385964912
Sam Docherty,94.0,563000,Defender,Carlton Blues,6,0.0001669626998223801
Jy Simpkin,81.6,496000,Midfield,North Melbourne Kangaroos,0,0.00016451612903225804
Matt Rowell,88.5,270000,Midfield,Gold Coast Suns,14,0.0003277777777777778
Devon Smith,70.0,720000,Midfield,Essendon Bombers,45,9.722222222222222e-05
Nick Haynes,83.0,589000,Defender,Greater Western Sydney Giants,3,0.00014091680814940578
Isaac Heeney,72.8,666000,Midfield,Sydney Swans,0,0.0001093093093093093
Luke Ryan,56.8,594000,Defender,Fremantle Dockers,2,9.562289562289562e-05
Jacob Hopper,64.6,695000,Midfield,Greater Western Sydney Giants,9,9.294964028776978e-05
Harry Perryman,77.2,562000,Midfield,Greater Western Sydney Giants,0,0.00013736654804270463
Brad Ebert,85.4,594000,Forward,Port Adelaide Power,4,0.00014377104377104379
Thomas Liberatore,37.0,564000,Midfield,Western Bulldogs,0,6.560283687943263e-05
Daniel Rich,67.2,653000,Defender,Brisbane Lions,0,0.00010290964777947934
Dominic Sheed,73.0,705000,Midfield,West Coast Eagles,0,0.00010354609929078015
Nicholas Naitanui,69.2,471000,Ruck,West Coast Eagles,1,0.00014692144373673036
James Sicily,60.2,620000,Defender,Hawthorn Hawks,4,9.709677419354839e-05
Liam Duggan,59.2,495000,Defender,West Coast Eagles,0,0.0001195959595959596
Bradley Sheppard,69.2,611000,Defender,West Coast Eagles,0,0.0001132569558101473
Bailey Smith,62.0,513000,Midfield,Western Bulldogs,45,0.00012085769980506822
Rhys Stanley,26.0,603000,Ruck,Geelong Cats,0,4.311774461028192e-05
Jack Steven,30.8,653000,Midfield,Geelong Cats,25,4.716692189892803e-05
Jarrod Berry,75.4,591000,Midfield,Brisbane Lions,1,0.00012758037225042303
Kyle Langford,70.75,524000,Midfield,Essendon Bombers,0,0.00013501908396946566
Luke Shuey,65.2,749000,Midfield,West Coast Eagles,0,8.704939919893191e-05
James Cousins,0.0,544000,Midfield,Hawthorn Hawks,0,0.0
Brandan Parfitt,52.2,536000,Midfield,Geelong Cats,0,9.738805970149254e-05
Brodie Smith,60.2,646000,Defender,Adeliade Crows,45,9.31888544891641e-05
Josh Daicos,73.0,431000,Midfield,Collingwood Magpies,0,0.00016937354988399072
Liam Shiels,57.8,708000,Midfield,Hawthorn Hawks,0,8.163841807909603e-05
Dion Prestia,75.6,738000,Midfield,Richmond Tigers,1,0.00010243902439024389
Chad Wingard,81.2,582000,Midfield,Hawthorn Hawks,18,0.00013951890034364262
Toby Nankervis,40.4,642000,Ruck,Richmond Tigers,0,6.292834890965732e-05
Will Setterfield,50.6,498000,Midfield,Carlton Blues,1,0.00010160642570281125
Joel Selwood,76.0,585000,Midfield,Geelong Cats,4,0.00012991452991452992
Caleb Serong,20.8,256000,Midfield,Fremantle Dockers,5,8.125e-05
Marc Murphy,69.2,712000,Midfield,Carlton Blues,0,9.719101123595506e-05
Jordan Dawson,58.4,614000,Defender,Sydney Swans,16,9.511400651465798e-05
Adam Saad,74.0,499000,Defender,Essendon Bombers,0,0.00014829659318637273
Adam Cerra,58.6,451000,Defender,Fremantle Dockers,5,0.00012993348115299336
David Mundy,60.25,597000,Midfield,Fremantle Dockers,0,0.00010092127303182579
Bachar Houli,82.5,766000,Defender,Richmond Tigers,0,0.0001077023498694517
Toby Greene,67.75,730000,Forward,Greater Western Sydney Giants,1,9.280821917808219e-05
Zachary Williams,34.4,688000,Defender,Greater Western Sydney Giants,9,4.9999999999999996e-05
Matthew Kennedy,0.0,359000,Forward,Carlton Blues,0,0.0
Darcy Parish,45.0,589000,Midfield,Essendon Bombers,5,7.64006791171477e-05
Scott Lycett,73.2,619000,Ruck,Port Adelaide Power,5,0.00011825525040387722
Lachlan Weller,75.6,612000,Midfield,Gold Coast Suns,2,0.00012352941176470587
Trent Cotchin,72.2,525000,Midfield,Richmond Tigers,0,0.00013752380952380952
Isaac Smith,73.4,630000,Midfield,Hawthorn Hawks,45,0.00011650793650793652
Shannon Hurn,63.0,678000,Defender,West Coast Eagles,0,9.292035398230088e-05
Jarrod Witts,67.0,775000,Ruck,Gold Coast Suns,0,8.64516129032258e-05
Shai Bolton,64.75,473000,Forward,Richmond Tigers,0,0.000136892177589852
Sam Jacobs,35.8,514000,Ruck,Greater Western Sydney Giants,72,6.964980544747081e-05
Tom Lynch,0.0,463000,Forward,Adeliade Crows,2,0.0
Ben Keays,57.25,338000,Forward,Adeliade Crows,0,0.00016937869822485207
Jack Bowes,67.8,531000,Midfield,Gold Coast Suns,0,0.00012768361581920904
Jack Martin,71.0,619000,Midfield,Carlton Blues,13,0.00011470113085621971
Bailey Williams,57.8,575000,Defender,Western Bulldogs,9,0.00010052173913043478
Hunter Clark,61.0,574000,Defender,St Kilda Saints,1,0.00010627177700348433
Paul Seedsman,30.6,540000,Midfield,Adeliade Crows,0,5.666666666666667e-05
Karl Amon,62.4,567000,Midfield,Port Adelaide Power,0,0.00011005291005291005
Angus Brayshaw,67.5,653000,Midfield,Melbourne Demons,28,0.00010336906584992343
Tom Phillips,59.4,672000,Midfield,Collingwood Magpies,0,8.839285714285714e-05
Nicholas Coffield,65.5,415000,Defender,St Kilda Saints,0,0.00015783132530120482
Zach Tuohy,63.8,507000,Defender,Geelong Cats,0,0.00012583826429980274
Kane Lambert,60.4,643000,Forward,Richmond Tigers,0,9.393468118195957e-05
Jack Lukosius,60.8,388000,Defender,Gold Coast Suns,6,0.00015670103092783506
Ben Ainsworth,67.0,483000,Midfield,Gold Coast Suns,6,0.00013871635610766047
Jason Johannisen,64.0,609000,Defender,Western Bulldogs,0,0.00010509031198686371
Darcy Byrne-Jones,65.2,640000,Defender,Port Adelaide Power,0,0.00010187500000000001
James Aish,65.2,496000,Defender,Fremantle Dockers,0,0.00013145161290322582
Jade Gresham,57.8,619000,Midfield,St Kilda Saints,2,9.337641357027463e-05
Patrick Ryder,35.4,521000,Ruck,St Kilda Saints,0,6.794625719769674e-05
Michael Gibbons,65.4,463000,Forward,Carlton Blues,0,0.0001412526997840173
Steven May,50.25,527000,Defender,Melbourne Demons,17,9.535104364326376e-05
Aaron Hall,52.4,527000,Midfield,North Melbourne Kangaroos,0,9.943074003795067e-05
Jack Gunston,58.2,565000,Forward,Hawthorn Hawks,0,0.00010300884955752212
Robbie Gray,55.0,603000,Midfield,Port Adelaide Power,0,9.12106135986733e-05
Zak Butters,65.8,421000,Forward,Port Adelaide Power,0,0.00015629453681710213
Gryan Miers,70.4,495000,Forward,Geelong Cats,0,0.00014222222222222224
Rory Sloane,54.0,739000,Midfield,Adeliade Crows,0,7.307171853856563e-05
Hamish Hartlett,61.6,567000,Defender,Port Adelaide Power,0,0.00010864197530864197
Callum Sinclair,36.6,568000,Ruck,Sydney Swans,2,6.443661971830986e-05
Michael Hurley,65.75,574000,Defender,Essendon Bombers,0,0.00011454703832752613
Oliver Florent,68.8,514000,Midfield,Sydney Swans,1,0.000133852140077821
Lewis Jetta,63.75,454000,Defender,West Coast Eagles,0,0.00014041850220264317
Hayden Crozier,61.6,531000,Defender,Western Bulldogs,0,0.0001160075329566855
Mark Blicavs,47.2,505000,Defender,Geelong Cats,0,9.346534653465347e-05
Jonathon Ceglar,66.4,562000,Ruck,Hawthorn Hawks,5,0.00011814946619217083
Ricky Henderson,50.2,717000,Midfield,Hawthorn Hawks,0,7.001394700139471e-05
Ryan Clarke,9.8,460000,Midfield,Sydney Swans,1,2.1304347826086958e-05
Sebastian Ross,69.8,700000,Midfield,St Kilda Saints,6,9.971428571428571e-05
Oscar McInerney,57.2,417000,Ruck,Brisbane Lions,3,0.00013717026378896882
Will Day,0.0,246000,Defender,Hawthorn Hawks,3,0.0
Zac Bailey,52.0,358000,Defender,Brisbane Lions,5,0.0001452513966480447
Daniel Butler,72.6,384000,Forward,St Kilda Saints,0,0.0001890625
Jack Graham,23.6,615000,Midfield,Richmond Tigers,0,3.83739837398374e-05
Jack Higgins,70.5,497000,Forward,Richmond Tigers,0,0.00014185110663983904
Tom Doedee,52.25,403000,Defender,Adeliade Crows,0,0.00012965260545905706
Jake Riccardi,0.0,170000,Forward,Greater Western Sydney Giants,0,0.0
Noah Anderson,53.0,268000,Midfield,Gold Coast Suns,21,0.00019776119402985075
Kade Simpson,60.6,595000,Defender,Carlton Blues,0,0.00010184873949579833
Matthew Taberner,53.4,622000,Forward,Fremantle Dockers,0,8.585209003215434e-05
Jack Redden,49.2,681000,Midfield,West Coast Eagles,0,7.22466960352423e-05
John Noble,52.5,400000,Defender,Collingwood Magpies,2,0.00013125
Darcy Tucker,75.6,539000,Midfield,Fremantle Dockers,3,0.00014025974025974025
Robbie Tarrant,59.2,482000,Defender,North Melbourne Kangaroos,0,0.00012282157676348548
Jack Scrimshaw,27.0,438000,Defender,Hawthorn Hawks,0,6.164383561643835e-05
Tom Papley,71.4,574000,Forward,Sydney Swans,0,0.00012439024390243904
Lachlan Fogarty,0.0,326000,Forward,Geelong Cats,0,0.0
Harry Cunningham,50.4,581000,Defender,Sydney Swans,0,8.674698795180722e-05
Bayley Fritsch,56.5,551000,Defender,Melbourne Demons,0,0.00010254083484573503
Lachlan Henderson,0.0,424000,Defender,Geelong Cats,0,0.0
Jackson Hately,33.2,456000,Midfield,Greater Western Sydney Giants,10,7.280701754385966e-05
Shane Edwards,55.4,549000,Defender,Richmond Tigers,0,0.00010091074681238615
Sam Mayes,0.0,300000,Midfield,Port Adelaide Power,0,0.0
Peter Ladhams,0.0,414000,Ruck,Port Adelaide Power,0,0.0
Michael Hibberd,42.8,455000,Defender,Melbourne Demons,4,9.406593406593406e-05
Sam Powell-Pepper,50.6,559000,Midfield,Port Adelaide Power,0,9.051878354203936e-05
Patrick Lipinski,39.6,634000,Midfield,Western Bulldogs,0,6.246056782334385e-05
Reece Conca,54.8,554000,Midfield,Fremantle Dockers,0,9.891696750902526e-05
Jordan De Goey,57.8,626000,Forward,Collingwood Magpies,0,9.233226837060702e-05
Jack Newnes,42.2,517000,Midfield,Carlton Blues,0,8.16247582205029e-05
Brett Bewley,63.4,367000,Forward,Fremantle Dockers,17,0.00017275204359673023
Nick Vlastuin,49.6,585000,Defender,Richmond Tigers,0,8.478632478632479e-05
Dylan Stephens,0.0,262000,Midfield,Sydney Swans,6,0.0
Rupert Wills,35.2,458000,Midfield,Collingwood Magpies,0,7.685589519650656e-05
Jackson Nelson,28.2,358000,Defender,West Coast Eagles,0,7.877094972067039e-05
Charlie Dixon,67.5,513000,Forward,Port Adelaide Power,0,0.00013157894736842105
Daniel Hannebery,60.2,622000,Midfield,St Kilda Saints,4,9.678456591639872e-05
Jeremy McGovern,29.0,511000,Defender,West Coast Eagles,0,5.675146771037182e-05
Mitch Robinson,71.2,695000,Midfield,Brisbane Lions,0,0.00010244604316546763
Rory Lobb,62.2,588000,Ruck,Fremantle Dockers,0,0.00010578231292517007
Liam Ryan,55.6,422000,Forward,West Coast Eagles,2,0.00013175355450236966
Xavier Duursma,38.4,581000,Midfield,Port Adelaide Power,0,6.609294320137694e-05
Jamie Elliott,47.0,502000,Forward,Collingwood Magpies,0,9.362549800796813e-05
Luke Davies-Uniacke,0.0,395000,Midfield,North Melbourne Kangaroos,0,0.0
Bradley Hill,61.8,658000,Midfield,St Kilda Saints,3,9.39209726443769e-05
James Rowbottom,54.4,469000,Midfield,Sydney Swans,1,0.00011599147121535181
Liam Baker,48.75,510000,Defender,Richmond Tigers,0,9.558823529411765e-05
Gary Ablett,63.6,658000,Forward,Geelong Cats,0,9.66565349544073e-05
Mitchell Brown,6.0,508000,Defender,Melbourne Demons,1,1.1811023622047245e-05
Brayden Fiorini,31.0,740000,Midfield,Gold Coast Suns,0,4.189189189189189e-05
Jackson Thurlow,0.0,461000,Defender,Sydney Swans,0,0.0
Heath Shaw,60.6,612000,Defender,Greater Western Sydney Giants,0,9.901960784313726e-05
Christopher Mayne,55.4,577000,Midfield,Collingwood Magpies,0,9.601386481802426e-05
Connor Rozee,59.4,539000,Forward,Port Adelaide Power,8,0.00011020408163265306
Jasper Pittard,55.6,531000,Defender,North Melbourne Kangaroos,0,0.00010470809792843691
Kamdyn Mcintosh,17.0,468000,Midfield,Richmond Tigers,0,3.6324786324786323e-05
Luke Breust,56.5,506000,Forward,Hawthorn Hawks,0,0.0001116600790513834
David Zaharakis,40.0,590000,Midfield,Essendon Bombers,0,6.779661016949152e-05
Sam Simpson,0.0,170000,Midfield,Geelong Cats,0,0.0
Oscar Allen,37.8,424000,Forward,West Coast Eagles,0,8.915094339622641e-05
Marc Pittonet,67.75,305000,Ruck,Carlton Blues,0,0.0002221311475409836
Will Snelling,46.0,420000,Forward,Essendon Bombers,2,0.00010952380952380952
Shaun Atley,53.8,496000,Defender,North Melbourne Kangaroos,0,0.00010846774193548387
Justin Westhoff,64.8,574000,Midfield,Port Adelaide Power,4,0.00011289198606271777
Charlie Cameron,56.2,499000,Forward,Brisbane Lions,17,0.00011262525050100201
Jye Caldwell,25.8,310000,Midfield,Greater Western Sydney Giants,0,8.32258064516129e-05
Jamie Cripps,46.8,476000,Forward,West Coast Eagles,19,9.831932773109243e-05
Jack Darling,43.0,529000,Forward,West Coast Eagles,0,8.128544423440454e-05
Sam Petrevski-Seton,55.0,577000,Defender,Carlton Blues,0,9.53206239168111e-05
Tim Membrey,54.8,523000,Forward,St Kilda Saints,0,0.00010478011472275333
Mitchell Hibberd,5.6,197000,Midfield,Essendon Bombers,4,2.842639593908629e-05
Jack Sinclair,0.0,493000,Midfield,St Kilda Saints,2,0.0
Ivan Soldo,35.0,538000,Ruck,Richmond Tigers,0,6.505576208178439e-05
Levi Casboult,65.8,485000,Defender,Carlton Blues,1,0.0001356701030927835
Zac Fisher,10.8,469000,Midfield,Carlton Blues,0,2.302771855010661e-05
Toby McLean,32.8,506000,Forward,Western Bulldogs,0,6.482213438735178e-05
Jake Carlisle,54.5,393000,Defender,St Kilda Saints,0,0.00013867684478371503
Jason Castagna,47.6,511000,Forward,Richmond Tigers,0,9.315068493150686e-05
Callan Ward,39.0,539000,Midfield,Greater Western Sydney Giants,1,7.235621521335808e-05
Tom Green,27.4,252000,Midfield,Greater Western Sydney Giants,31,0.00010873015873015872
Shane McAdam,15.8,170000,Forward,Adeliade Crows,0,9.294117647058824e-05
David Astbury,58.0,416000,Defender,Richmond Tigers,0,0.0001394230769230769
Dane Rampe,42.8,589000,Defender,Sydney Swans,0,7.266553480475381e-05
Harry Morrison,17.6,477000,Midfield,Hawthorn Hawks,0,3.689727463312369e-05
Trent Rivers,24.0,208000,Defender,Melbourne Demons,5,0.00011538461538461538
Jake Waterman,12.6,456000,Forward,West Coast Eagles,0,2.763157894736842e-05
Darcy Fort,30.4,321000,Forward,Geelong Cats,0,9.470404984423675e-05
Callum Ah Chee,48.5,345000,Midfield,Brisbane Lions,0,0.00014057971014492753
Luke Dahlhaus,53.2,574000,Forward,Geelong Cats,0,9.26829268292683e-05
Jack Lonie,55.0,493000,Forward,St Kilda Saints,0,0.00011156186612576066
Isaac Quaynor,0.0,370000,Defender,Collingwood Magpies,0,0.0
Conor McKenna,0.0,522000,Defender,Essendon Bombers,0,0.0
David MacKay,0.0,486000,Defender,Adeliade Crows,0,0.0
Marlion Pickett,27.0,170000,Midfield,Richmond Tigers,72,0.00015882352941176472
Josh Battle,25.2,508000,Defender,St Kilda Saints,1,4.960629921259842e-05
Nathan Wilson,21.6,481000,Defender,Fremantle Dockers,0,4.490644490644491e-05
Adam Tomlinson,63.25,574000,Midfield,Melbourne Demons,0,0.00011019163763066202
Sean Darcy,22.0,511000,Ruck,Fremantle Dockers,8,4.305283757338552e-05
Cameron Rayner,50.4,334000,Forward,Brisbane Lions,0,0.00015089820359281438
Daniel Rioli,41.0,417000,Forward,Richmond Tigers,0,9.832134292565948e-05
Ethan Hughes,46.0,431000,Defender,Fremantle Dockers,0,0.00010672853828306264
Grant Birchall,49.25,428000,Defender,Brisbane Lions,2,0.00011507009345794392
Connor Blakely,0.0,555000,Defender,Fremantle Dockers,1,0.0
Jeremy Cameron,53.0,649000,Forward,Greater Western Sydney Giants,17,8.166409861325116e-05
Darcy Moore,48.2,409000,Defender,Collingwood Magpies,0,0.00011784841075794621
Ryan Lester,44.25,457000,Defender,Brisbane Lions,0,9.682713347921225e-05
Josh Caddy,63.0,523000,Midfield,Richmond Tigers,0,0.00012045889101338432
Jack Ross,16.2,419000,Midfield,Richmond Tigers,6,3.8663484486873504e-05
Tom Cutler,23.6,496000,Midfield,Essendon Bombers,1,4.7580645161290326e-05
Sam Draper,0.0,170000,Ruck,Essendon Bombers,0,0.0
Josh Rotham,4.8,336000,Defender,West Coast Eagles,0,1.4285714285714285e-05
George Hewett,47.0,559000,Midfield,Sydney Swans,0,8.407871198568873e-05
Justin Mcinerney,44.0,170000,Midfield,Sydney Swans,3,0.0002588235294117647
David Cuningham,58.8,477000,Forward,Carlton Blues,0,0.00012327044025157232
Lachlan Schultz,42.2,320000,Forward,Fremantle Dockers,16,0.00013187500000000002
Aidan Corr,55.6,265000,Defender,Greater Western Sydney Giants,1,0.000209811320754717
Stephen Hill,18.8,428000,Defender,Fremantle Dockers,3,4.392523364485982e-05
Elliott Himmelberg,4.8,439000,Forward,Adeliade Crows,0,1.093394077448747e-05
Eric Hipwood,55.0,424000,Forward,Brisbane Lions,0,0.00012971698113207548
Ben McEvoy,42.8,618000,Ruck,Hawthorn Hawks,0,6.925566343042071e-05
Jeremy Finlayson,52.2,525000,Forward,Greater Western Sydney Giants,0,9.942857142857144e-05
Jarrod Brander,55.25,217000,Defender,West Coast Eagles,41,0.0002546082949308756
Wil Powell,44.75,407000,Midfield,Gold Coast Suns,0,0.00010995085995085995
Will Hoskin-Elliott,50.0,559000,Forward,Collingwood Magpies,0,8.944543828264758e-05
Trent McKenzie,52.8,390000,Defender,Port Adelaide Power,0,0.00013538461538461537
James Harmes,55.25,698000,Midfield,Melbourne Demons,0,7.915472779369628e-05
Alex Sexton,46.5,435000,Forward,Gold Coast Suns,0,0.00010689655172413793
Cameron Zurhaar,49.0,475000,Forward,North Melbourne Kangaroos,0,0.0001031578947368421
Riley Bonner,47.5,497000,Defender,Port Adelaide Power,0,9.557344064386318e-05
Jamie MacMillan,48.0,557000,Defender,North Melbourne Kangaroos,0,8.617594254937164e-05
Lincoln McCarthy,51.4,444000,Forward,Brisbane Lions,0,0.00011576576576576577
Lachlan Sholl,0.0,170000,Defender,Adeliade Crows,0,0.0
Andrew Phillips,12.0,507000,Ruck,Essendon Bombers,0,2.3668639053254438e-05
Ryan Burton,23.4,536000,Defender,Port Adelaide Power,0,4.3656716417910446e-05
Ben Paton,59.0,442000,Defender,St Kilda Saints,0,0.0001334841628959276
Brody Mihocek,50.6,540000,Forward,Collingwood Magpies,0,9.37037037037037e-05
Shane Mumford,20.0,488000,Ruck,Greater Western Sydney Giants,0,4.098360655737705e-05
Jesse Hogan,25.8,490000,Forward,Fremantle Dockers,0,5.26530612244898e-05
Izak Rankine,0.0,170000,Forward,Gold Coast Suns,34,0.0
Nathan Jones,7.8,546000,Defender,Melbourne Demons,10,1.4285714285714285e-05
Esava Ratugolea,45.2,372000,Forward,Geelong Cats,0,0.00012150537634408603
Tom Lynch,51.2,463000,Forward,Richmond Tigers,2,0.00011058315334773219
Nathan Broad,39.0,372000,Defender,Richmond Tigers,0,0.00010483870967741936
Gary Rohan,50.6,365000,Forward,Geelong Cats,0,0.00013863013698630136
Harry McKay,16.6,456000,Forward,Carlton Blues,0,3.640350877192983e-05
Mark O'Connor,55.8,439000,Defender,Geelong Cats,0,0.00012710706150341686
Jack Madgen,14.0,288000,Defender,Collingwood Magpies,6,4.861111111111111e-05
Darcy Macpherson,52.8,648000,Midfield,Gold Coast Suns,11,8.148148148148148e-05
Jack Riewoldt,42.6,434000,Forward,Richmond Tigers,0,9.815668202764977e-05
Callum Wilkie,48.2,444000,Defender,St Kilda Saints,0,0.00010855855855855856
Brent Daniels,35.8,450000,Forward,Greater Western Sydney Giants,1,7.955555555555555e-05
Bailey Scott,7.0,329000,Midfield,North Melbourne Kangaroos,0,2.1276595744680852e-05
Will Hayward,37.8,414000,Forward,Sydney Swans,0,9.130434782608695e-05
Blake Hardwick,45.25,536000,Defender,Hawthorn Hawks,0,8.442164179104477e-05
Stefan Martin,29.0,629000,Ruck,Brisbane Lions,13,4.610492845786963e-05
Jaidyn Stephenson,36.2,599000,Forward,Collingwood Magpies,0,6.0434056761268785e-05
Derek Eggmolesse-Smith,0.0,327000,Defender,Richmond Tigers,0,0.0
Nick Blakey,45.8,366000,Forward,Sydney Swans,0,0.00012513661202185792
Daniel Lloyd,52.25,422000,Forward,Greater Western Sydney Giants,5,0.00012381516587677726
Luke Brown,49.6,437000,Defender,Adeliade Crows,1,0.00011350114416475973
Joshua Kennedy,38.8,401000,Forward,West Coast Eagles,0,9.67581047381546e-05
Levi Greenwood,0.0,471000,Defender,Collingwood Magpies,38,0.0
Matt Guelfi,14.8,419000,Midfield,Essendon Bombers,0,3.532219570405728e-05
Anthony McDonald-Tipungwuti,46.0,467000,Forward,Essendon Bombers,0,9.850107066381156e-05
Quinton Narkle,56.75,497000,Midfield,Geelong Cats,1,0.00011418511066398391
Andrew McPherson,0.0,170000,Defender,Adeliade Crows,2,0.0
Pearce Hanley,44.5,567000,Defender,Gold Coast Suns,0,7.848324514991182e-05
Tom Scully,45.2,490000,Midfield,Hawthorn Hawks,0,9.224489795918367e-05
Dean Kent,37.4,454000,Forward,St Kilda Saints,0,8.237885462555066e-05
Mason Redman,49.75,511000,Defender,Essendon Bombers,0,9.735812133072407e-05
Taylin Duman,27.4,489000,Defender,Fremantle Dockers,0,5.6032719836400815e-05
Aaron Vandenberg,15.8,353000,Midfield,Melbourne Demons,0,4.475920679886686e-05
Ed Vickers-Willis,0.0,287000,Defender,North Melbourne Kangaroos,0,0.0
Samuel Collins,44.8,348000,Defender,Gold Coast Suns,0,0.00012873563218390803
Jacob Weitering,46.6,417000,Defender,Carlton Blues,0,0.0001117505995203837
Marley Williams,21.4,411000,Defender,North Melbourne Kangaroos,9,5.2068126520681264e-05
Jake Lever,31.0,418000,Defender,Melbourne Demons,0,7.416267942583733e-05
Mitchell Wallis,48.8,588000,Forward,Western Bulldogs,0,8.299319727891156e-05
Mitchell Crowden,6.6,354000,Forward,Fremantle Dockers,0,1.864406779661017e-05
Jake Kolodjashnij,20.2,358000,Defender,Geelong Cats,0,5.642458100558659e-05
Curtis Taylor,55.6,170000,Forward,North Melbourne Kangaroos,49,0.0003270588235294118
Ben Crocker,51.25,283000,Forward,Adeliade Crows,2,0.00018109540636042403
Jed Bews,40.25,363000,Defender,Geelong Cats,0,0.00011088154269972451
Callum Brown,46.8,484000,Forward,Collingwood Magpies,1,9.669421487603306e-05
Todd Marshall,57.8,385000,Forward,Port Adelaide Power,0,0.00015012987012987013
Mitch Georgiades,12.0,236000,Forward,Port Adelaide Power,18,5.0847457627118643e-05
Jarrod Lienert,8.6,543000,Defender,Port Adelaide Power,0,1.583793738489871e-05
Cale Hooker,31.0,553000,Defender,Essendon Bombers,0,5.605786618444846e-05
Sam Wicks,0.0,,Forward,Sydney Swans,0,0
Shaun Burgoyne,41.4,525000,Defender,Hawthorn Hawks,0,7.885714285714286e-05
Tom Cole,17.2,419000,Defender,West Coast Eagles,0,4.105011933174224e-05
Thomas Jonas,36.0,476000,Defender,Port Adelaide Power,0,7.563025210084033e-05
Bailey Banfield,17.8,433000,Forward,Fremantle Dockers,0,4.110854503464203e-05
Harris Andrews,44.8,418000,Defender,Brisbane Lions,0,0.00010717703349282296
Ben Long,45.4,392000,Forward,St Kilda Saints,6,0.00011581632653061225
Tom Bellchambers,29.8,531000,Ruck,Essendon Bombers,0,5.6120527306967986e-05
Laitham Vandermeer,50.5,170000,Midfield,Western Bulldogs,0,0.00029705882352941177
Myles Poholke,20.4,288000,Forward,Adeliade Crows,4,7.083333333333332e-05
Jarrod Harbrow,46.75,525000,Defender,Gold Coast Suns,0,8.904761904761905e-05
Harrison Himmelberg,43.8,449000,Forward,Greater Western Sydney Giants,0,9.755011135857461e-05
Sam Lloyd,38.75,577000,Forward,Western Bulldogs,5,6.715771230502599e-05
Steven Motlop,55.4,479000,Forward,Port Adelaide Power,0,0.00011565762004175365
Tom McDonald,41.5,473000,Forward,Melbourne Demons,0,8.773784355179703e-05
Eddie Betts,43.25,435000,Forward,Carlton Blues,1,9.942528735632183e-05
Tom Williamson,28.8,251000,Defender,Carlton Blues,0,0.00011474103585657371
Sam Reid,0.0,514000,Forward,Sydney Swans,0,0.0
Daniel Howe,0.0,500000,Defender,Hawthorn Hawks,2,0.0
Darcy Gardiner,47.2,428000,Defender,Brisbane Lions,0,0.00011028037383177571
Lachlan Plowman,37.0,460000,Defender,Carlton Blues,0,8.043478260869566e-05
Matthew De Boer,48.8,519000,not found,Greater Western Sydney Giants,0,9.402697495183043e-05
Jayden Laverde,12.4,425000,Forward,Essendon Bombers,0,2.9176470588235294e-05
Noah Answerth,11.8,416000,Defender,Brisbane Lions,0,2.8365384615384616e-05
Aliir Aliir,43.4,478000,Defender,Sydney Swans,0,9.079497907949791e-05
Tom Barrass,39.0,418000,Defender,West Coast Eagles,0,9.330143540669856e-05
Lachlan Ash,20.4,264000,Defender,Greater Western Sydney Giants,26,7.727272727272727e-05
Kane Farrell,16.2,334000,Forward,Port Adelaide Power,0,4.8502994011976046e-05
Dougal Howard,36.8,403000,Defender,St Kilda Saints,0,9.131513647642679e-05
Lewis Taylor,51.5,456000,Midfield,Sydney Swans,49,0.00011293859649122807
Joshua Walker,40.0,415000,Defender,North Melbourne Kangaroos,0,9.63855421686747e-05
Dylan Grimes,38.2,413000,Defender,Richmond Tigers,0,9.249394673123487e-05
Lachlan Murphy,37.4,409000,Forward,Adeliade Crows,0,9.144254278728606e-05
Tom Sparrow,0.0,293000,Forward,Melbourne Demons,2,0.0
Jack Henry,38.4,326000,Defender,Geelong Cats,0,0.00011779141104294478
Jake Aarts,10.8,170000,Forward,Richmond Tigers,0,6.352941176470589e-05
Jake Melksham,34.5,555000,Forward,Melbourne Demons,0,6.216216216216216e-05
Brennan Cox,24.6,417000,Forward,Fremantle Dockers,1,5.899280575539569e-05
Cameron Ellis-Yolmen,26.0,652000,Midfield,Brisbane Lions,0,3.987730061349693e-05
Keidean Coleman,0.0,198000,Midfield,Brisbane Lions,0,0.0
Boyd Woodcock,0.0,170000,Forward,Port Adelaide Power,0,0.0
Nicholas Holman,45.4,470000,Forward,Gold Coast Suns,0,9.659574468085106e-05
Darcy Cameron,18.0,170000,Ruck,Collingwood Magpies,17,0.00010588235294117647
Sam Gray,45.5,553000,Forward,Sydney Swans,0,8.227848101265823e-05
Noah Balta,15.4,353000,Ruck,Richmond Tigers,0,4.362606232294618e-05
Josh Corbett,0.0,317000,Forward,Gold Coast Suns,0,0.0
Nick Hind,14.2,358000,Forward,St Kilda Saints,0,3.966480446927374e-05
Oleg Markov,0.0,310000,Midfield,Richmond Tigers,0,0.0
Tom Clurey,52.6,430000,Defender,Port Adelaide Power,0,0.00012232558139534883
Robbie Fox,15.6,389000,Defender,Sydney Swans,0,4.0102827763496144e-05
Alex Neal-Bullen,19.4,457000,Forward,Melbourne Demons,0,4.24507658643326e-05
Max King,40.4,170000,Forward,St Kilda Saints,15,0.0002376470588235294
Thomas Murphy,5.0,217000,Defender,North Melbourne Kangaroos,0,2.304147465437788e-05
Jarryn Geary,18.6,448000,Defender,St Kilda Saints,0,4.151785714285715e-05
Dylan Clarke,0.0,491000,Midfield,Essendon Bombers,1,0.0
Tom De Koning,0.0,190000,Ruck,Carlton Blues,0,0.0
Charlie Ballard,43.75,404000,Defender,Gold Coast Suns,0,0.0001082920792079208
Ian Hill,0.0,340000,Forward,Greater Western Sydney Giants,3,0.0
Hayden Young,51.5,258000,Defender,Fremantle Dockers,16,0.0001996124031007752
Mitch McGovern,45.0,362000,Forward,Carlton Blues,0,0.00012430939226519338
Aaron Francis,30.8,400000,Defender,Essendon Bombers,0,7.7e-05
Adam Kennedy,0.6,485000,Defender,Greater Western Sydney Giants,0,1.2371134020618555e-06
Jake Stringer,60.75,485000,Forward,Essendon Bombers,0,0.0001252577319587629
Harry Schoenberg,0.0,224000,Midfield,Adeliade Crows,0,0.0
Easton Wood,23.0,347000,Defender,Western Bulldogs,0,6.628242074927953e-05
Travis Varcoe,5.6,398000,Forward,Collingwood Magpies,0,1.4070351758793969e-05
James Bell,0.0,209000,Midfield,Sydney Swans,0,0.0
Brandon Starcevich,51.2,189000,Defender,Brisbane Lions,30,0.0002708994708994709
Roarke Smith,0.0,329000,Midfield,Western Bulldogs,45,0.0
Matt Cottrell,0.0,,Midfield,Carlton Blues,0,0
Alex Keath,45.8,498000,Defender,Western Bulldogs,0,9.196787148594378e-05
Tim O'Brien,38.2,439000,Defender,Hawthorn Hawks,0,8.701594533029613e-05
Ed Richards,47.0,378000,Midfield,Western Bulldogs,0,0.00012433862433862433
Tyson Stengle,7.8,327000,Forward,Adeliade Crows,0,2.3853211009174313e-05
Josh Thomas,12.6,439000,Forward,Collingwood Magpies,0,2.870159453302961e-05
Billy Frampton,25.2,293000,Forward,Adeliade Crows,0,8.600682593856655e-05
Bradley Close,0.0,170000,Midfield,Geelong Cats,2,0.0
Brayden Ham,15.2,303000,Midfield,Essendon Bombers,0,5.016501650165016e-05
Bailey Dale,45.0,500000,Forward,Western Bulldogs,0,9e-05
Paul Puopolo,23.2,406000,Forward,Hawthorn Hawks,0,5.714285714285714e-05
Harry Taylor,52.0,426000,Defender,Geelong Cats,49,0.00012206572769953052
James Stewart,0.0,316000,Forward,Essendon Bombers,0,0.0
Martin Gleeson,19.6,420000,Defender,Essendon Bombers,0,4.666666666666667e-05
Sam Day,44.8,473000,Forward,Gold Coast Suns,3,9.471458773784354e-05
Matthew Suckling,31.4,629000,Defender,Western Bulldogs,0,4.992050874403815e-05
Brendon Ah Chee,40.8,384000,Midfield,West Coast Eagles,0,0.00010625
Jake Kelly,35.4,497000,Defender,Adeliade Crows,8,7.122736418511066e-05
Shaun McKernan,29.2,505000,Forward,Essendon Bombers,0,5.782178217821782e-05
Sam Frost,46.6,390000,Defender,Hawthorn Hawks,0,0.00011948717948717949
Tom Atkins,28.5,395000,Forward,Geelong Cats,0,7.215189873417722e-05
Jonathon Marsh,29.0,246000,Defender,St Kilda Saints,21,0.00011788617886178862
Sam Weideman,0.0,381000,Forward,Melbourne Demons,0,0.0
Daniel McStay,43.0,383000,Forward,Brisbane Lions,0,0.00011227154046997389
Tyler Brown,34.8,170000,Midfield,Collingwood Magpies,1,0.00020470588235294116
Orazio Fantasia,21.6,404000,Forward,Essendon Bombers,0,5.346534653465347e-05
Jordan Roughead,39.6,412000,Defender,Collingwood Magpies,0,9.611650485436893e-05
Paul Ahern,17.6,463000,Defender,North Melbourne Kangaroos,0,3.801295896328294e-05
Tarryn Thomas,38.2,410000,Forward,North Melbourne Kangaroos,0,9.317073170731708e-05
Liam Jones,38.0,333000,Defender,Carlton Blues,10,0.00011411411411411411
Josh Bruce,41.2,433000,Forward,Western Bulldogs,0,9.515011547344112e-05
Ben Brown,44.0,534000,Forward,North Melbourne Kangaroos,1,8.239700374531835e-05
Ben King,51.2,290000,Forward,Gold Coast Suns,15,0.00017655172413793104
Tom McCartin,19.0,360000,Forward,Sydney Swans,0,5.277777777777778e-05
Taylor Walker,36.2,468000,Forward,Adeliade Crows,0,7.735042735042735e-05
Kyle Hartigan,5.8,314000,Defender,Adeliade Crows,0,1.8471337579617834e-05
Hayden McLean,26.4,394000,Ruck,Sydney Swans,0,6.700507614213197e-05
Mason Cox,22.6,382000,Forward,Collingwood Magpies,1,5.916230366492147e-05
Xavier O'Neill,0.0,170000,Midfield,West Coast Eagles,0,0.0
Aaron Naughton,29.0,475000,Forward,Western Bulldogs,0,6.105263157894737e-05
Luke Jackson,5.8,266000,Ruck,Melbourne Demons,0,2.1804511278195487e-05
Oliver Hanrahan,40.5,372000,Forward,Hawthorn Hawks,0,0.00010887096774193549
Mitchell Hannan,20.6,391000,Forward,Melbourne Demons,0,5.268542199488491e-05
Ben McKay,0.0,192000,Defender,North Melbourne Kangaroos,0,0.0
Jay Lockhart,23.0,419000,Forward,Melbourne Demons,0,5.489260143198091e-05
Charlie Spargo,5.0,412000,Forward,Melbourne Demons,0,1.2135922330097088e-05
Harley Bennell,9.4,,Midfield,Melbourne Demons,0,0
Jarman Impey,0.0,530000,Defender,Hawthorn Hawks,0,0.0
Jack Ziebell,45.5,666000,Midfield,North Melbourne Kangaroos,0,6.831831831831832e-05
Ned McHenry,33.25,170000,Midfield,Adeliade Crows,5,0.00019558823529411764
Lewis Melican,4.0,315000,Defender,Sydney Swans,0,1.2698412698412699e-05
Sydney Stack,31.25,536000,Defender,Richmond Tigers,0,5.830223880597015e-05
Connor Budarick,43.0,170000,Midfield,Gold Coast Suns,26,0.0002529411764705882
Zaine Cordy,44.5,301000,Defender,Western Bulldogs,0,0.0001478405315614618
Mason Wood,10.4,453000,Forward,North Melbourne Kangaroos,0,2.2958057395143488e-05
Daniel Talia,33.6,420000,Defender,Adeliade Crows,0,8e-05
Kyron Hayden,32.5,170000,Midfield,North Melbourne Kangaroos,1,0.0001911764705882353
Colin O'Riordan,31.75,410000,Defender,Sydney Swans,0,7.743902439024391e-05
Lachlan Keeffe,11.8,315000,Defender,Greater Western Sydney Giants,0,3.7460317460317464e-05
Phil Davis,37.8,502000,Defender,Greater Western Sydney Giants,12,7.529880478087648e-05
Darcy Fogarty,23.8,361000,Forward,Adeliade Crows,0,6.592797783933519e-05
Changkuoth Jiath,0.0,302000,Defender,Hawthorn Hawks,0,0.0
Jayden Hunt,20.8,408000,Forward,Melbourne Demons,0,5.0980392156862745e-05
Oscar McDonald,9.4,286000,Defender,Melbourne Demons,0,3.2867132867132866e-05
Brayden Ainsworth,0.0,334000,Midfield,West Coast Eagles,6,0.0
Griffin Logue,35.2,375000,Defender,Fremantle Dockers,0,9.386666666666668e-05
Zac Langdon,14.6,298000,Forward,Greater Western Sydney Giants,3,4.899328859060403e-05
Jack Mahony,10.8,204000,Midfield,North Melbourne Kangaroos,2,5.294117647058824e-05
Brandon Matera,23.2,460000,Forward,Fremantle Dockers,0,5.043478260869565e-05
Mabior Chol,7.8,391000,Ruck,Richmond Tigers,0,1.9948849104859333e-05
Nick Larkey,6.6,399000,Forward,North Melbourne Kangaroos,0,1.6541353383458644e-05
Jacob Townsend,42.75,266000,Forward,Essendon Bombers,14,0.0001607142857142857
Travis Colyer,41.75,448000,Forward,Fremantle Dockers,0,9.319196428571429e-05
Lachlan Hosie,0.0,170000,Forward,North Melbourne Kangaroos,0,0.0
Jack Payne,0.0,170000,Defender,Brisbane Lions,0,0.0
Kysaiah Pickett,22.8,248000,Forward,Melbourne Demons,72,9.193548387096774e-05
Benjamin Stratton,32.4,277000,Defender,Hawthorn Hawks,0,0.00011696750902527075
Sean Lemmens,17.0,369000,Midfield,Gold Coast Suns,0,4.607046070460704e-05
Aiden Bonar,7.0,333000,Midfield,North Melbourne Kangaroos,3,2.102102102102102e-05
Chayce Jones,32.4,318000,Forward,Adeliade Crows,10,0.00010188679245283018
Brandon Zerk-Thatcher,8.0,312000,Defender,Essendon Bombers,1,2.564102564102564e-05
Will Hamill,20.2,,Defender,Adeliade Crows,0,0
James Frawley,33.2,370000,Defender,Hawthorn Hawks,0,8.972972972972973e-05
Sam Flanders,0.0,250000,Midfield,Gold Coast Suns,2,0.0
Minairo Frederick,0.0,170000,Forward,Fremantle Dockers,0,0.0
Jack Petruccelle,19.6,379000,Forward,West Coast Eagles,0,5.171503957783641e-05
Ryan Gardner,13.8,170000,Forward,Western Bulldogs,0,8.11764705882353e-05
Caleb Graham,2.4,268000,Defender,Gold Coast Suns,0,8.955223880597014e-06
Thomas Berry,21.2,170000,Forward,Brisbane Lions,1,0.00012470588235294117
Mitchell Lewis,6.2,467000,Forward,Hawthorn Hawks,0,1.3276231263383297e-05
Fischer McAsey,26.75,260000,Defender,Adeliade Crows,8,0.00010288461538461539
Archie Smith,12.2,259000,Ruck,Brisbane Lions,45,4.71042471042471e-05
Jonathon Patton,18.8,366000,Ruck,Hawthorn Hawks,30,5.1366120218579235e-05
Jarrod Cameron,0.0,338000,Forward,West Coast Eagles,17,0.0
Joel Smith,16.0,287000,Defender,Melbourne Demons,45,5.5749128919860624e-05
Neville Jetta,10.2,342000,Defender,Melbourne Demons,0,2.982456140350877e-05
Ben Cunnington,40.0,608000,Midfield,,0,6.578947368421052e-05
Jeremy Howe,85.5,515000,Defender,,2,0.00016601941747572817
Luke Dunstan,20.0,637000,Midfield,,0,3.139717425431711e-05
Sam Naismith,30.8,284000,Ruck,,62,0.00010845070422535211
Wayne Milera,20.6,570000,Defender,,1,3.6140350877192985e-05
Rory Atkins,20.4,604000,Midfield,,0,3.377483443708609e-05
Sam Sturt,23.4,170000,Forward,,7,0.0001376470588235294
Jordan Clark,10.2,468000,Midfield,,1,2.1794871794871792e-05
Jesse Joyce,10.0,436000,Defender,,0,2.293577981651376e-05
Kaiden Brand,16.2,314000,Defender,,0,5.1592356687898086e-05
Nic Newman,11.6,693000,Defender,,0,1.673881673881674e-05
Will Brodie,9.0,612000,Midfield,,9,1.4705882352941177e-05
Ben Ronke,26.4,360000,Forward,,0,7.333333333333333e-05
Paddy Dow,7.6,397000,Midfield,,0,1.9143576826196474e-05
Ben Davis,7.4,170000,Forward,,12,4.3529411764705885e-05
Isaac Cumming,14.8,314000,Defender,,10,4.713375796178344e-05
Jack Silvagni,16.6,491000,Forward,,0,3.3808553971486765e-05
Toby Bedford,5.2,170000,Forward,,0,3.058823529411765e-05
Deven Robertson,5.2,228000,Midfield,,4,2.280701754385965e-05
Zach Guthrie,5.0,312000,Defender,,0,1.6025641025641026e-05
Ben Cavarra,4.6,170000,Forward,,0,2.7058823529411762e-05
Dylan Roberton,4.0,327000,Defender,,24,1.2232415902140673e-05
Matthew Kreuzer,3.2,614000,Ruck,,0,5.211726384364821e-06
Bryce Gibbs,2.8,600000,Midfield,,1,4.666666666666666e-06
Lewis Young,2.8,318000,Defender,,16,8.80503144654088e-06
Sam Taylor,35.25,318000,Defender,,49,0.00011084905660377358
Marcus Adams,2.4,430000,Defender,,16,5.581395348837209e-06
Tom Hickey,7.4,224000,Ruck,,0,3.303571428571429e-05
Lin Jong,29.8,307000,Midfield,,0,9.70684039087948e-05
Dyson Heppell,10.4,696000,Midfield,,1,1.4942528735632185e-05
Darcy Lang,5.0,448000,Forward,,0,1.1160714285714286e-05
Billy Gowers,4.0,170000,Forward,,0,2.3529411764705884e-05
Will Schofield,5.2,183000,Defender,,0,2.841530054644809e-05
Rhylee West,18.6,302000,Forward,,1,6.158940397350994e-05
Louis Butler,8.6,170000,Defender,,0,5.058823529411764e-05
Tristan Xerri,11.4,170000,Ruck,,15,6.705882352941177e-05
Sam Philp,11.2,189000,Midfield,,0,5.925925925925925e-05
Matthew Scharenberg,10.0,495000,Defender,,0,2.0202020202020203e-05
Josh Schache,9.6,408000,Forward,,0,2.352941176470588e-05
Harrison Jones,7.2,213000,Forward,,10,3.380281690140845e-05
Atu Bosenavulagi,0.0,170000,Forward,,0,0.0
Ryley Stoddart,0.0,192000,Defender,,0,0.0
Chad Warner,0.0,194000,Midfield,,0,0.0
Will Kelly,0.0,170000,Forward,,8,0.0
Josh Morris,0.0,170000,Forward,,0,0.0
Cameron Sutcliffe,0.0,342000,Forward,,0,0.0
Tom Campbell,0.0,170000,Ruck,,2,0.0
Cody Weightman,0.0,242000,Forward,,0,0.0
Ned Cahill,0.0,170000,Midfield,,0,0.0
Elijah Taylor,0.0,200000,Midfield,,49,0.0
Ryan Byrnes,0.0,170000,Midfield,,0,0.0
Charlie Constable,0.0,563000,Midfield,,0,0.0
Matthew Ling,0.0,170000,Defender,,0,0.0
Patrick Naish,0.0,414000,Midfield,,0,0.0
Callum Porter,0.0,170000,Midfield,,0,0.0
Tobe Watson,0.0,170000,Defender,,5,0.0
Matthew Parker,0.0,394000,Forward,,0,0.0
Shane Savage,0.0,581000,Defender,,0,0.0
Majak Daw,0.0,333000,Defender,,0,0.0
Sam Skinner,0.0,232000,Forward,,0,0.0
Brayden Sier,0.0,493000,Midfield,,0,0.0
Jackson Trengove,0.0,422000,Defender,,0,0.0
Connor Ballenden,0.0,170000,Forward,,0,0.0
Kieran Strachan,0.0,170000,Ruck,,0,0.0
Mark Keane,0.0,170000,Defender,,0,0.0
Riley Knight,0.0,532000,Forward,,0,0.0
Harry Edwards,0.0,170000,Defender,,0,0.0
Will Walker,0.0,258000,Forward,,0,0.0
Xavier O'Halloran,0.0,170000,Midfield,,0,0.0
Ben Reid,0.0,428000,Forward,,0,0.0
Trey Ruscoe,0.0,170000,Defender,,0,0.0
Jeremy Sharp,0.0,218000,Midfield,,16,0.0
Jack Bytel,0.0,170000,Midfield,,4,0.0
Conor Nash,0.0,301000,Forward,,0,0.0
Sam Durdin,0.0,179000,Defender,,0,0.0
Matt Eagles,0.0,170000,Defender,,0,0.0
Conor Glass,0.0,344000,Defender,,0,0.0
Braydon Preuss,0.0,381000,Ruck,,0,0.0
Rhys Mathieson,0.0,443000,Midfield,,0,0.0
Zac Foot,0.0,170000,Midfield,,6,0.0
Kobe Mutch,0.0,239000,Midfield,,0,0.0
Josh Honey,0.0,211000,Midfield,,0,0.0
Irving Mosquito,0.0,170000,Forward,,0,0.0
Michael Hartley,0.0,336000,Defender,,0,0.0
Liam Henry,0.0,263000,Midfield,,0,0.0
Flynn Appleby,0.0,268000,Defender,,0,0.0
Jordon Butts,0.0,281000,Defender,,0,0.0
Joe Daniher,0.0,420000,Forward,,0,0.0
Will Hayes,0.0,484000,Midfield,,0,0.0
Thomson Dow,0.0,230000,Midfield,,0,0.0
Mark Hutchings,0.0,378000,Midfield,,0,0.0
Cameron Polson,0.0,195000,Forward,,0,0.0
Tory Dickson,0.0,243000,Forward,,0,0.0
Max Lynch,0.0,170000,Ruck,,2,0.0
Josh Jenkins,0.0,557000,Forward,,0,0.0
Damon Greaves,0.0,335000,Defender,,4,0.0
Flynn Perez,0.0,202000,Defender,,0,0.0
Dylan Moore,0.0,365000,Forward,,0,0.0
Oskar Baker,0.0,396000,Midfield,,0,0.0
Ryan Abbott,0.0,343000,Ruck,,0,0.0
Taylor Duryea,0.0,569000,Defender,,0,0.0
Mitchell Hinge,0.0,307000,Midfield,,0,0.0
Jack Buckley,0.0,170000,Midfield,,0,0.0
Finn Maginness,0.0,214000,Midfield,,0,0.0
Lochie O'Brien,0.0,394000,Midfield,,0,0.0
Taylor Garner,0.0,424000,Forward,,0,0.0
Ben Jarvis,0.0,170000,Defender,,0,0.0
Hamish Brayshaw,0.0,170000,Midfield,,28,0.0
Joel Amartey,0.0,170000,Ruck,,0,0.0
Connor Idun,0.0,184000,Defender,,0,0.0
Jy Farrar,0.0,170000,Forward,,0,0.0
Luke Foley,0.0,170000,Defender,,0,0.0
