Max Gawn,98.93,826000,Ruck,Melbourne Demons,15,0.00011976997578692495
Lachie Neale,96.26,777000,Midfield,Brisbane Lions,10,0.0001238867438867439
Lachlan Hunter,92.6,732000,Midfield,Western Bulldogs,1,0.00012650273224043714
Zachary Merrett,92.56,803000,Midfield,Essendon Bombers,5,0.00011526774595267747
Clayton Oliver,91.71,786000,Midfield,Melbourne Demons,5,0.00011667938931297709
Jake Lloyd,91.47,795000,Defender,Sydney Swans,5,0.0001150566037735849
Steele Sidebottom,90.89,731000,Midfield,Collingwood Magpies,0,0.00012433652530779754
Taylor Adams,90.58,706000,Midfield,Collingwood Magpies,16,0.00012830028328611898
Tom Rockliff,90.31,737000,Midfield,Port Adelaide Power,0,0.00012253731343283582
Jack Steele,90.16,712000,Midfield,St Kilda Saints,7,0.00012662921348314607
Jackson Macrae,89.61,858000,Midfield,Western Bulldogs,5,0.00010444055944055944
Mitchell Duncan,88.7,784000,Midfield,Geelong Cats,0,0.00011313775510204082
Matt Crouch,88.38,788000,Midfield,Adeliade Crows,4,0.00011215736040609137
Brodie Grundy,87.89,906000,Ruck,Collingwood Magpies,41,9.700883002207505e-05
Andrew Gaff,86.89,824000,Midfield,West Coast Eagles,2,0.0001054490291262136
Reilly O'Brien,86.76,709000,Ruck,Adeliade Crows,0,0.00012236953455571227
Christian Petracca,86.41,563000,Forward,Melbourne Demons,31,0.00015348134991119005
Lachie Whitfield,86.35,844000,Midfield,Greater Western Sydney Giants,27,0.00010231042654028435
Tom Mitchell,86.18,671000,Midfield,Hawthorn Hawks,7,0.00012843517138599108
Luke Parker,84.82,731000,Midfield,Sydney Swans,0,0.00011603283173734609
Joshua Kelly,84.79,860000,Midfield,Greater Western Sydney Giants,8,9.859302325581396e-05
Jarryd Lyons,84.05,723000,Midfield,Brisbane Lions,0,0.00011625172890733057
Marcus Bontempelli,83.78,777000,Midfield,Western Bulldogs,15,0.00010782496782496782
Cameron Guthrie,83.71,569000,Midfield,Geelong Cats,0,0.0001471177504393673
Jed Anderson,83.27,584000,Midfield,North Melbourne Kangaroos,21,0.00014258561643835615
Adam Treloar,83.1,839000,Midfield,Collingwood Magpies,1,9.904648390941597e-05
Travis Boak,83.05,784000,Midfield,Port Adelaide Power,3,0.00010593112244897958
Dylan Shiel,81.67,729000,Midfield,Essendon Bombers,0,0.00011203017832647462
Josh P. Kennedy,81.67,744000,Midfield,Sydney Swans,0,0.00010977150537634409
Sam Menegola,80.71,710000,Midfield,Geelong Cats,3,0.00011367605633802816
Touk Miller,80.59,675000,Midfield,Gold Coast Suns,0,0.0001193925925925926
Rory Laird,79.94,719000,Defender,Adeliade Crows,3,0.00011118219749652294
Patrick Dangerfield,79.9,798000,Midfield,Geelong Cats,10,0.00010012531328320803
Scott Pendlebury,79.73,769000,Midfield,Collingwood Magpies,0,0.00010368010403120937
Todd Goldstein,79.59,656000,Ruck,North Melbourne Kangaroos,2,0.00012132621951219513
Trent Dumont,78.35,654000,Midfield,North Melbourne Kangaroos,0,0.0001198012232415902
Stephen Coniglio,78.0,769000,Midfield,Greater Western Sydney Giants,8,0.00010143042912873862
Alex Witherden,77.83,555000,Defender,Brisbane Lions,0,0.00014023423423423424
Dayne Zorko,77.53,775000,Midfield,Brisbane Lions,1,0.00010003870967741936
Edward Curnow,77.41,667000,Midfield,Carlton Blues,2,0.00011605697151424287
Sam Walsh,77.35,684000,Midfield,Carlton Blues,3,0.00011308479532163742
Andrew McGrath,77.29,554000,Midfield,Essendon Bombers,4,0.00013951263537906138
James Worpel,77.2,718000,Midfield,Hawthorn Hawks,0,0.00010752089136490252
Hugh Greenwood,77.18,581000,Midfield,Gold Coast Suns,38,0.00013283993115318417
Oliver Wines,77.12,692000,Midfield,Port Adelaide Power,0,0.00011144508670520232
Josh Dunkley,77.08,824000,Midfield,Western Bulldogs,11,9.354368932038835e-05
Thomas Stewart,77.06,705000,Defender,Geelong Cats,0,0.00010930496453900709
Rowan Marshall,76.89,736000,Ruck,St Kilda Saints,0,0.00010447010869565218
Andrew Brayshaw,76.41,516000,Midfield,Fremantle Dockers,28,0.0001480813953488372
Shaun Higgins,76.18,707000,Midfield,North Melbourne Kangaroos,0,0.00010775106082036776
Jack Crisp,76.11,725000,Defender,Collingwood Magpies,14,0.00010497931034482758
Tim Kelly,75.83,719000,Midfield,West Coast Eagles,8,0.00010546592489568846
Jaeger O'Meara,75.83,739000,Midfield,Hawthorn Hawks,0,0.00010261163734776725
Jack Viney,75.44,611000,Midfield,Melbourne Demons,21,0.00012346972176759412
Dustin Martin,75.4,721000,Midfield,Richmond Tigers,13,0.00010457697642163663
Nathan Fyfe,75.36,779000,Midfield,Fremantle Dockers,3,9.673940949935815e-05
Patrick Cripps,75.29,753000,Midfield,Carlton Blues,19,9.99867197875166e-05
Tim Taranto,75.27,835000,Midfield,Greater Western Sydney Giants,3,9.014371257485029e-05
Blake Acres,74.43,501000,Midfield,Fremantle Dockers,4,0.00014856287425149702
Hugh McCluggage,74.26,678000,Midfield,Brisbane Lions,5,0.00010952802359882007
Brad Crouch,74.17,801000,Midfield,Adeliade Crows,4,9.259675405742821e-05
Callum Mills,73.8,559000,Defender,Sydney Swans,2,0.00013202146690518784
Jack Billings,73.74,731000,Midfield,St Kilda Saints,0,0.00010087551299589602
Jayden Short,73.24,522000,Defender,Richmond Tigers,4,0.0001403065134099617
Michael Walters,73.14,694000,Midfield,Fremantle Dockers,6,0.00010538904899135446
Ed Langdon,72.94,683000,Midfield,Melbourne Demons,3,0.00010679355783308931
Timothy English,72.83,572000,Ruck,Western Bulldogs,7,0.0001273251748251748
Luke McDonald,72.53,431000,Defender,North Melbourne Kangaroos,0,0.0001682830626450116
Brandon Ellis,72.44,629000,Midfield,Gold Coast Suns,0,0.00011516693163751987
Tom Hawkins,72.38,526000,Forward,Geelong Cats,0,0.00013760456273764258
Caleb Daniel,72.17,696000,Defender,Western Bulldogs,0,0.00010369252873563219
Jared Polec,71.77,654000,Midfield,North Melbourne Kangaroos,0,0.0001097400611620795
Jordan Ridley,71.59,444000,Defender,Essendon Bombers,0,0.00016123873873873874
David Swallow,71.4,652000,Midfield,Gold Coast Suns,1,0.00010950920245398774
Zak Jones,71.31,614000,Midfield,St Kilda Saints,10,0.0001161400651465798
Christian Salem,71.31,665000,Defender,Melbourne Demons,0,0.00010723308270676693
Dan Houston,71.24,596000,Defender,Port Adelaide Power,8,0.00011953020134228187
Elliot Yeo,71.2,762000,Midfield,West Coast Eagles,7,9.343832020997375e-05
Brayden Maynard,71.05,570000,Defender,Collingwood Magpies,0,0.00012464912280701754
Sam Docherty,70.94,563000,Defender,Carlton Blues,6,0.00012600355239786857
Jy Simpkin,70.82,496000,Midfield,North Melbourne Kangaroos,0,0.00014278225806451612
Matt Rowell,70.8,270000,Midfield,Gold Coast Suns,14,0.00026222222222222223
Devon Smith,70.75,720000,Midfield,Essendon Bombers,45,9.826388888888889e-05
Nick Haynes,70.71,589000,Defender,Greater Western Sydney Giants,3,0.00012005093378607809
Isaac Heeney,70.67,666000,Midfield,Sydney Swans,0,0.00010611111111111112
Luke Ryan,70.53,594000,Defender,Fremantle Dockers,2,0.00011873737373737374
Jacob Hopper,70.47,695000,Midfield,Greater Western Sydney Giants,9,0.0001013956834532374
Harry Perryman,70.19,562000,Midfield,Greater Western Sydney Giants,0,0.0001248932384341637
Brad Ebert,70.14,594000,Forward,Port Adelaide Power,4,0.00011808080808080809
Thomas Liberatore,70.0,564000,Midfield,Western Bulldogs,0,0.00012411347517730497
Daniel Rich,69.87,653000,Defender,Brisbane Lions,0,0.00010699846860643186
Dominic Sheed,69.76,705000,Midfield,West Coast Eagles,0,9.895035460992909e-05
Nicholas Naitanui,69.71,471000,Ruck,West Coast Eagles,1,0.00014800424628450104
James Sicily,69.45,620000,Defender,Hawthorn Hawks,4,0.00011201612903225807
Liam Duggan,69.24,495000,Defender,West Coast Eagles,0,0.00013987878787878786
Bradley Sheppard,69.06,611000,Defender,West Coast Eagles,0,0.0001130278232405892
Bailey Smith,69.06,513000,Midfield,Western Bulldogs,45,0.00013461988304093567
Rhys Stanley,69.0,603000,Ruck,Geelong Cats,0,0.00011442786069651741
Jack Steven,69.0,653000,Midfield,Geelong Cats,25,0.00010566615620214395
Jarrod Berry,68.94,591000,Midfield,Brisbane Lions,1,0.00011664974619289339
Kyle Langford,68.56,524000,Midfield,Essendon Bombers,0,0.00013083969465648855
Luke Shuey,68.54,749000,Midfield,West Coast Eagles,0,9.150867823765021e-05
James Cousins,68.5,544000,Midfield,Hawthorn Hawks,0,0.00012591911764705881
Brandan Parfitt,68.39,536000,Midfield,Geelong Cats,0,0.00012759328358208954
Brodie Smith,68.25,646000,Defender,Adeliade Crows,45,0.00010565015479876161
Josh Daicos,67.89,431000,Midfield,Collingwood Magpies,0,0.00015751740139211137
Liam Shiels,67.75,708000,Midfield,Hawthorn Hawks,0,9.569209039548022e-05
Dion Prestia,67.67,738000,Midfield,Richmond Tigers,1,9.169376693766938e-05
Chad Wingard,67.47,582000,Midfield,Hawthorn Hawks,18,0.00011592783505154639
Toby Nankervis,67.18,642000,Ruck,Richmond Tigers,0,0.00010464174454828662
Will Setterfield,67.0,498000,Midfield,Carlton Blues,1,0.00013453815261044177
Joel Selwood,67.0,585000,Midfield,Geelong Cats,4,0.00011452991452991453
Caleb Serong,66.64,256000,Midfield,Fremantle Dockers,5,0.0002603125
Marc Murphy,66.41,712000,Midfield,Carlton Blues,0,9.327247191011236e-05
Jordan Dawson,66.31,614000,Defender,Sydney Swans,16,0.00010799674267100977
Adam Saad,66.24,499000,Defender,Essendon Bombers,0,0.0001327454909819639
Adam Cerra,66.06,451000,Defender,Fremantle Dockers,5,0.00014647450110864745
David Mundy,66.06,597000,Midfield,Fremantle Dockers,0,0.00011065326633165829
Bachar Houli,65.92,766000,Defender,Richmond Tigers,0,8.605744125326371e-05
Toby Greene,65.69,730000,Forward,Greater Western Sydney Giants,1,8.998630136986301e-05
Zachary Williams,65.64,688000,Defender,Greater Western Sydney Giants,9,9.540697674418605e-05
Matthew Kennedy,65.57,359000,Forward,Carlton Blues,0,0.00018264623955431753
Darcy Parish,65.35,589000,Midfield,Essendon Bombers,5,0.00011095076400679117
Scott Lycett,65.07,619000,Ruck,Port Adelaide Power,5,0.0001051211631663974
Lachlan Weller,65.0,612000,Midfield,Gold Coast Suns,2,0.00010620915032679738
Trent Cotchin,64.94,525000,Midfield,Richmond Tigers,0,0.00012369523809523808
Isaac Smith,64.8,630000,Midfield,Hawthorn Hawks,45,0.00010285714285714286
Shannon Hurn,64.59,678000,Defender,West Coast Eagles,0,9.526548672566372e-05
Jarrod Witts,64.35,775000,Ruck,Gold Coast Suns,0,8.303225806451613e-05
Shai Bolton,64.16,473000,Forward,Richmond Tigers,0,0.00013564482029598308
Sam Jacobs,64.14,514000,Ruck,Greater Western Sydney Giants,72,0.00012478599221789883
Tom Lynch,63.77,463000,Forward,Adeliade Crows,2,0.00013773218142548596
Ben Keays,63.75,338000,Forward,Adeliade Crows,0,0.0001886094674556213
Jack Bowes,63.71,531000,Midfield,Gold Coast Suns,0,0.00011998116760828625
Jack Martin,63.67,619000,Midfield,Carlton Blues,13,0.000102859450726979
Bailey Williams,63.61,575000,Defender,Western Bulldogs,9,0.00011062608695652174
Hunter Clark,63.56,574000,Defender,St Kilda Saints,1,0.00011073170731707318
Paul Seedsman,63.56,540000,Midfield,Adeliade Crows,0,0.00011770370370370371
Karl Amon,63.47,567000,Midfield,Port Adelaide Power,0,0.0001119400352733686
Angus Brayshaw,63.21,653000,Midfield,Melbourne Demons,28,9.679938744257274e-05
Tom Phillips,63.07,672000,Midfield,Collingwood Magpies,0,9.385416666666667e-05
Nicholas Coffield,63.06,415000,Defender,St Kilda Saints,0,0.00015195180722891568
Zach Tuohy,63.0,507000,Defender,Geelong Cats,0,0.0001242603550295858
Kane Lambert,62.4,643000,Forward,Richmond Tigers,0,9.704510108864696e-05
Jack Lukosius,62.29,388000,Defender,Gold Coast Suns,6,0.00016054123711340207
Ben Ainsworth,62.0,483000,Midfield,Gold Coast Suns,6,0.00012836438923395445
Jason Johannisen,61.88,609000,Defender,Western Bulldogs,0,0.00010160919540229886
Darcy Byrne-Jones,61.68,640000,Defender,Port Adelaide Power,0,9.6375e-05
James Aish,61.56,496000,Defender,Fremantle Dockers,0,0.00012411290322580647
Jade Gresham,61.55,619000,Midfield,St Kilda Saints,2,9.943457189014539e-05
Patrick Ryder,61.43,521000,Ruck,St Kilda Saints,0,0.00011790786948176584
Michael Gibbons,61.27,463000,Forward,Carlton Blues,0,0.00013233261339092874
Steven May,61.24,527000,Defender,Melbourne Demons,17,0.00011620493358633777
Aaron Hall,61.13,527000,Midfield,North Melbourne Kangaroos,0,0.00011599620493358634
Jack Gunston,61.06,565000,Forward,Hawthorn Hawks,0,0.000108070796460177
Robbie Gray,60.89,603000,Midfield,Port Adelaide Power,0,0.00010097844112769486
Zak Butters,60.88,421000,Forward,Port Adelaide Power,0,0.0001446080760095012
Gryan Miers,60.81,495000,Forward,Geelong Cats,0,0.00012284848484848485
Rory Sloane,60.75,739000,Midfield,Adeliade Crows,0,8.220568335588634e-05
Hamish Hartlett,60.58,567000,Defender,Port Adelaide Power,0,0.00010684303350970018
Callum Sinclair,60.54,568000,Ruck,Sydney Swans,2,0.00010658450704225352
Michael Hurley,60.36,574000,Defender,Essendon Bombers,0,0.00010515679442508711
Oliver Florent,60.35,514000,Midfield,Sydney Swans,1,0.0001174124513618677
Lewis Jetta,60.17,454000,Defender,West Coast Eagles,0,0.0001325330396475771
Hayden Crozier,60.13,531000,Defender,Western Bulldogs,0,0.0001132391713747646
Mark Blicavs,60.0,505000,Defender,Geelong Cats,0,0.00011881188118811881
Jonathon Ceglar,60.0,562000,Ruck,Hawthorn Hawks,5,0.00010676156583629893
Ricky Henderson,60.0,717000,Midfield,Hawthorn Hawks,0,8.368200836820084e-05
Ryan Clarke,59.9,460000,Midfield,Sydney Swans,1,0.00013021739130434783
Sebastian Ross,59.81,700000,Midfield,St Kilda Saints,6,8.544285714285715e-05
Oscar McInerney,59.68,417000,Ruck,Brisbane Lions,3,0.00014311750599520383
Will Day,59.64,246000,Defender,Hawthorn Hawks,3,0.0002424390243902439
Zac Bailey,59.63,358000,Defender,Brisbane Lions,5,0.00016656424581005586
Daniel Butler,59.58,384000,Forward,St Kilda Saints,0,0.00015515625
Jack Graham,59.06,615000,Midfield,Richmond Tigers,0,9.603252032520326e-05
Jack Higgins,59.0,497000,Forward,Richmond Tigers,0,0.0001187122736418511
Tom Doedee,59.0,403000,Defender,Adeliade Crows,0,0.00014640198511166254
Jake Riccardi,59.0,170000,Forward,Greater Western Sydney Giants,0,0.0003470588235294118
Noah Anderson,58.88,268000,Midfield,Gold Coast Suns,21,0.00021970149253731344
Kade Simpson,58.76,595000,Defender,Carlton Blues,0,9.87563025210084e-05
Matthew Taberner,58.62,622000,Forward,Fremantle Dockers,0,9.424437299035369e-05
Jack Redden,58.54,681000,Midfield,West Coast Eagles,0,8.596182085168869e-05
John Noble,58.53,400000,Defender,Collingwood Magpies,2,0.000146325
Darcy Tucker,58.5,539000,Midfield,Fremantle Dockers,3,0.0001085343228200371
Robbie Tarrant,58.44,482000,Defender,North Melbourne Kangaroos,0,0.0001212448132780083
Jack Scrimshaw,58.31,438000,Defender,Hawthorn Hawks,0,0.00013312785388127854
Tom Papley,58.18,574000,Forward,Sydney Swans,0,0.0001013588850174216
Lachlan Fogarty,58.17,326000,Forward,Geelong Cats,0,0.0001784355828220859
Harry Cunningham,58.12,581000,Defender,Sydney Swans,0,0.00010003442340791738
Bayley Fritsch,57.94,551000,Defender,Melbourne Demons,0,0.00010515426497277677
Lachlan Henderson,57.93,424000,Defender,Geelong Cats,0,0.00013662735849056604
Jackson Hately,57.83,456000,Midfield,Greater Western Sydney Giants,10,0.0001268201754385965
Shane Edwards,57.7,549000,Defender,Richmond Tigers,0,0.00010510018214936248
Sam Mayes,57.67,300000,Midfield,Port Adelaide Power,0,0.00019223333333333333
Peter Ladhams,57.6,414000,Ruck,Port Adelaide Power,0,0.0001391304347826087
Michael Hibberd,57.57,455000,Defender,Melbourne Demons,4,0.00012652747252747253
Sam Powell-Pepper,57.53,559000,Midfield,Port Adelaide Power,0,0.00010291592128801432
Patrick Lipinski,57.46,634000,Midfield,Western Bulldogs,0,9.063091482649843e-05
Reece Conca,57.43,554000,Midfield,Fremantle Dockers,0,0.00010366425992779783
Jordan De Goey,57.2,626000,Forward,Collingwood Magpies,0,9.137380191693292e-05
Jack Newnes,57.18,517000,Midfield,Carlton Blues,0,0.00011059961315280464
Brett Bewley,57.08,367000,Forward,Fremantle Dockers,17,0.00015553133514986377
Nick Vlastuin,57.05,585000,Defender,Richmond Tigers,0,9.752136752136752e-05
Dylan Stephens,57.0,262000,Midfield,Sydney Swans,6,0.00021755725190839695
Rupert Wills,57.0,458000,Midfield,Collingwood Magpies,0,0.00012445414847161572
Jackson Nelson,56.93,358000,Defender,West Coast Eagles,0,0.00015902234636871508
Charlie Dixon,56.89,513000,Forward,Port Adelaide Power,0,0.00011089668615984406
Daniel Hannebery,56.88,622000,Midfield,St Kilda Saints,4,9.144694533762058e-05
Jeremy McGovern,56.83,511000,Defender,West Coast Eagles,0,0.0001112133072407045
Mitch Robinson,56.79,695000,Midfield,Brisbane Lions,0,8.171223021582734e-05
Rory Lobb,56.76,588000,Ruck,Fremantle Dockers,0,9.653061224489795e-05
Liam Ryan,56.56,422000,Forward,West Coast Eagles,2,0.00013402843601895736
Xavier Duursma,56.53,581000,Midfield,Port Adelaide Power,0,9.729776247848537e-05
Jamie Elliott,56.5,502000,Forward,Collingwood Magpies,0,0.00011254980079681275
Luke Davies-Uniacke,56.44,395000,Midfield,North Melbourne Kangaroos,0,0.00014288607594936708
Bradley Hill,56.42,658000,Midfield,St Kilda Saints,3,8.574468085106383e-05
James Rowbottom,56.12,469000,Midfield,Sydney Swans,1,0.00011965884861407248
Liam Baker,56.05,510000,Defender,Richmond Tigers,0,0.00010990196078431372
Gary Ablett,56.0,658000,Forward,Geelong Cats,0,8.510638297872341e-05
Mitchell Brown,55.8,508000,Defender,Melbourne Demons,1,0.00010984251968503937
Brayden Fiorini,55.8,740000,Midfield,Gold Coast Suns,0,7.54054054054054e-05
Jackson Thurlow,55.75,461000,Defender,Sydney Swans,0,0.00012093275488069414
Heath Shaw,55.59,612000,Defender,Greater Western Sydney Giants,0,9.083333333333334e-05
Christopher Mayne,55.36,577000,Midfield,Collingwood Magpies,0,9.594454072790294e-05
Connor Rozee,55.31,539000,Forward,Port Adelaide Power,8,0.00010261595547309834
Jasper Pittard,55.18,531000,Defender,North Melbourne Kangaroos,0,0.00010391713747645951
Kamdyn Mcintosh,55.17,468000,Midfield,Richmond Tigers,0,0.00011788461538461539
Luke Breust,55.08,506000,Forward,Hawthorn Hawks,0,0.00010885375494071146
David Zaharakis,54.9,590000,Midfield,Essendon Bombers,0,9.305084745762712e-05
Sam Simpson,54.89,170000,Midfield,Geelong Cats,0,0.0003228823529411765
Oscar Allen,54.8,424000,Forward,West Coast Eagles,0,0.00012924528301886792
Marc Pittonet,54.69,305000,Ruck,Carlton Blues,0,0.00017931147540983607
Will Snelling,54.59,420000,Forward,Essendon Bombers,2,0.00012997619047619047
Shaun Atley,54.53,496000,Defender,North Melbourne Kangaroos,0,0.00010993951612903226
Justin Westhoff,54.42,574000,Midfield,Port Adelaide Power,4,9.480836236933798e-05
Charlie Cameron,54.37,499000,Forward,Brisbane Lions,17,0.00010895791583166332
Jye Caldwell,54.22,310000,Midfield,Greater Western Sydney Giants,0,0.0001749032258064516
Jamie Cripps,54.21,476000,Forward,West Coast Eagles,19,0.00011388655462184875
Jack Darling,54.17,529000,Forward,West Coast Eagles,0,0.0001024007561436673
Sam Petrevski-Seton,54.12,577000,Defender,Carlton Blues,0,9.379549393414211e-05
Tim Membrey,53.89,523000,Forward,St Kilda Saints,0,0.00010304015296367112
Mitchell Hibberd,53.8,197000,Midfield,Essendon Bombers,4,0.0002730964467005076
Jack Sinclair,53.75,493000,Midfield,St Kilda Saints,2,0.000109026369168357
Ivan Soldo,53.57,538000,Ruck,Richmond Tigers,0,9.957249070631971e-05
Levi Casboult,53.53,485000,Defender,Carlton Blues,1,0.00011037113402061855
Zac Fisher,53.5,469000,Midfield,Carlton Blues,0,0.00011407249466950959
Toby McLean,53.17,506000,Forward,Western Bulldogs,0,0.00010507905138339922
Jake Carlisle,53.15,393000,Defender,St Kilda Saints,0,0.00013524173027989821
Jason Castagna,53.0,511000,Forward,Richmond Tigers,0,0.00010371819960861056
Callan Ward,53.0,539000,Midfield,Greater Western Sydney Giants,1,9.833024118738405e-05
Tom Green,52.67,252000,Midfield,Greater Western Sydney Giants,31,0.0002090079365079365
Shane McAdam,52.62,170000,Forward,Adeliade Crows,0,0.0003095294117647059
David Astbury,52.56,416000,Defender,Richmond Tigers,0,0.00012634615384615386
Dane Rampe,52.45,589000,Defender,Sydney Swans,0,8.904923599320883e-05
Harry Morrison,52.36,477000,Midfield,Hawthorn Hawks,0,0.00010976939203354297
Trent Rivers,52.22,208000,Defender,Melbourne Demons,5,0.0002510576923076923
Jake Waterman,52.2,456000,Forward,West Coast Eagles,0,0.00011447368421052632
Darcy Fort,52.2,321000,Forward,Geelong Cats,0,0.00016261682242990654
Callum Ah Chee,52.11,345000,Midfield,Brisbane Lions,0,0.00015104347826086956
Luke Dahlhaus,52.0,574000,Forward,Geelong Cats,0,9.059233449477352e-05
Jack Lonie,51.92,493000,Forward,St Kilda Saints,0,0.00010531440162271806
Isaac Quaynor,51.91,370000,Defender,Collingwood Magpies,0,0.0001402972972972973
Conor McKenna,51.83,522000,Defender,Essendon Bombers,0,9.929118773946359e-05
David MacKay,51.8,486000,Defender,Adeliade Crows,0,0.00010658436213991768
Marlion Pickett,51.79,170000,Midfield,Richmond Tigers,72,0.0003046470588235294
Josh Battle,51.79,508000,Defender,St Kilda Saints,1,0.00010194881889763779
Nathan Wilson,51.73,481000,Defender,Fremantle Dockers,0,0.00010754677754677754
Adam Tomlinson,51.69,574000,Midfield,Melbourne Demons,0,9.005226480836237e-05
Sean Darcy,51.67,511000,Ruck,Fremantle Dockers,8,0.00010111545988258317
Cameron Rayner,51.53,334000,Forward,Brisbane Lions,0,0.0001542814371257485
Daniel Rioli,51.5,417000,Forward,Richmond Tigers,0,0.00012350119904076738
Ethan Hughes,51.47,431000,Defender,Fremantle Dockers,0,0.0001194199535962877
Grant Birchall,51.31,428000,Defender,Brisbane Lions,2,0.00011988317757009347
Connor Blakely,51.2,555000,Defender,Fremantle Dockers,1,9.225225225225226e-05
Jeremy Cameron,51.12,649000,Forward,Greater Western Sydney Giants,17,7.876733436055469e-05
Darcy Moore,51.06,409000,Defender,Collingwood Magpies,0,0.00012484107579462103
Ryan Lester,51.0,457000,Defender,Brisbane Lions,0,0.00011159737417943107
Josh Caddy,51.0,523000,Midfield,Richmond Tigers,0,9.751434034416826e-05
Jack Ross,50.71,419000,Midfield,Richmond Tigers,6,0.00012102625298329356
Tom Cutler,50.62,496000,Midfield,Essendon Bombers,1,0.00010205645161290322
Sam Draper,50.62,170000,Ruck,Essendon Bombers,0,0.00029776470588235295
Josh Rotham,50.5,336000,Defender,West Coast Eagles,0,0.00015029761904761905
George Hewett,50.5,559000,Midfield,Sydney Swans,0,9.033989266547405e-05
Justin Mcinerney,50.44,170000,Midfield,Sydney Swans,3,0.00029670588235294117
David Cuningham,50.42,477000,Forward,Carlton Blues,0,0.00010570230607966457
Lachlan Schultz,50.41,320000,Forward,Fremantle Dockers,16,0.00015753124999999998
Aidan Corr,50.33,265000,Defender,Greater Western Sydney Giants,1,0.00018992452830188678
Stephen Hill,50.25,428000,Defender,Fremantle Dockers,3,0.00011740654205607477
Elliott Himmelberg,50.09,439000,Forward,Adeliade Crows,0,0.0001141002277904328
Eric Hipwood,50.05,424000,Forward,Brisbane Lions,0,0.00011804245283018868
Ben McEvoy,50.0,618000,Ruck,Hawthorn Hawks,0,8.090614886731392e-05
Jeremy Finlayson,50.0,525000,Forward,Greater Western Sydney Giants,0,9.523809523809524e-05
Jarrod Brander,49.88,217000,Defender,West Coast Eagles,41,0.00022986175115207374
Wil Powell,49.8,407000,Midfield,Gold Coast Suns,0,0.00012235872235872235
Will Hoskin-Elliott,49.78,559000,Forward,Collingwood Magpies,0,8.905187835420394e-05
Trent McKenzie,49.76,390000,Defender,Port Adelaide Power,0,0.00012758974358974357
James Harmes,49.69,698000,Midfield,Melbourne Demons,0,7.1189111747851e-05
Alex Sexton,49.57,435000,Forward,Gold Coast Suns,0,0.00011395402298850575
Cameron Zurhaar,49.44,475000,Forward,North Melbourne Kangaroos,0,0.00010408421052631578
Riley Bonner,49.44,497000,Defender,Port Adelaide Power,0,9.9476861167002e-05
Jamie MacMillan,49.3,557000,Defender,North Melbourne Kangaroos,0,8.850987432675045e-05
Lincoln McCarthy,49.29,444000,Forward,Brisbane Lions,0,0.0001110135135135135
Lachlan Sholl,49.25,170000,Defender,Adeliade Crows,0,0.00028970588235294116
Andrew Phillips,49.2,507000,Ruck,Essendon Bombers,0,9.70414201183432e-05
Ryan Burton,49.12,536000,Defender,Port Adelaide Power,0,9.164179104477611e-05
Ben Paton,49.11,442000,Defender,St Kilda Saints,0,0.00011110859728506788
Brody Mihocek,49.0,540000,Forward,Collingwood Magpies,0,9.074074074074075e-05
Shane Mumford,48.9,488000,Ruck,Greater Western Sydney Giants,0,0.00010020491803278688
Jesse Hogan,48.71,490000,Forward,Fremantle Dockers,0,9.940816326530612e-05
Izak Rankine,48.67,170000,Forward,Gold Coast Suns,34,0.00028629411764705885
Nathan Jones,48.62,546000,Defender,Melbourne Demons,10,8.904761904761904e-05
Esava Ratugolea,48.5,372000,Forward,Geelong Cats,0,0.0001303763440860215
Tom Lynch,48.32,463000,Forward,Richmond Tigers,2,0.00010436285097192224
Nathan Broad,48.19,372000,Defender,Richmond Tigers,0,0.00012954301075268816
Gary Rohan,48.16,365000,Forward,Geelong Cats,0,0.00013194520547945204
Harry McKay,48.08,456000,Forward,Carlton Blues,0,0.00010543859649122806
Mark O'Connor,48.0,439000,Defender,Geelong Cats,0,0.00010933940774487472
Jack Madgen,48.0,288000,Defender,Collingwood Magpies,6,0.00016666666666666666
Darcy Macpherson,47.92,648000,Midfield,Gold Coast Suns,11,7.395061728395062e-05
Jack Riewoldt,47.81,434000,Forward,Richmond Tigers,0,0.00011016129032258065
Callum Wilkie,47.79,444000,Defender,St Kilda Saints,0,0.00010763513513513513
Brent Daniels,47.56,450000,Forward,Greater Western Sydney Giants,1,0.0001056888888888889
Bailey Scott,47.54,329000,Midfield,North Melbourne Kangaroos,0,0.00014449848024316109
Will Hayward,47.38,414000,Forward,Sydney Swans,0,0.00011444444444444445
Blake Hardwick,47.31,536000,Defender,Hawthorn Hawks,0,8.826492537313433e-05
Stefan Martin,47.25,629000,Ruck,Brisbane Lions,13,7.511923688394277e-05
Jaidyn Stephenson,47.21,599000,Forward,Collingwood Magpies,0,7.881469115191987e-05
Derek Eggmolesse-Smith,47.17,327000,Defender,Richmond Tigers,0,0.0001442507645259939
Nick Blakey,47.12,366000,Forward,Sydney Swans,0,0.0001287431693989071
Daniel Lloyd,47.08,422000,Forward,Greater Western Sydney Giants,5,0.00011156398104265403
Luke Brown,47.06,437000,Defender,Adeliade Crows,1,0.00010768878718535469
Joshua Kennedy,47.0,401000,Forward,West Coast Eagles,0,0.00011720698254364089
Levi Greenwood,47.0,471000,Defender,Collingwood Magpies,38,9.978768577494692e-05
Matt Guelfi,46.73,419000,Midfield,Essendon Bombers,0,0.00011152744630071598
Anthony McDonald-Tipungwuti,46.71,467000,Forward,Essendon Bombers,0,0.00010002141327623127
Quinton Narkle,46.6,497000,Midfield,Geelong Cats,1,9.37625754527163e-05
Andrew McPherson,46.56,170000,Defender,Adeliade Crows,2,0.0002738823529411765
Pearce Hanley,46.5,567000,Defender,Gold Coast Suns,0,8.2010582010582e-05
Tom Scully,46.43,490000,Midfield,Hawthorn Hawks,0,9.475510204081633e-05
Dean Kent,46.4,454000,Forward,St Kilda Saints,0,0.00010220264317180616
Mason Redman,46.38,511000,Defender,Essendon Bombers,0,9.076320939334638e-05
Taylin Duman,46.33,489000,Defender,Fremantle Dockers,0,9.474437627811861e-05
Aaron Vandenberg,46.33,353000,Midfield,Melbourne Demons,0,0.00013124645892351275
Ed Vickers-Willis,46.33,287000,Defender,North Melbourne Kangaroos,0,0.00016142857142857143
Samuel Collins,46.29,348000,Defender,Gold Coast Suns,0,0.00013301724137931034
Jacob Weitering,46.29,417000,Defender,Carlton Blues,0,0.00011100719424460432
Marley Williams,46.25,411000,Defender,North Melbourne Kangaroos,9,0.00011253041362530414
Jake Lever,46.24,418000,Defender,Melbourne Demons,0,0.00011062200956937799
Mitchell Wallis,46.22,588000,Forward,Western Bulldogs,0,7.860544217687074e-05
Mitchell Crowden,46.2,354000,Forward,Fremantle Dockers,0,0.0001305084745762712
Jake Kolodjashnij,46.0,358000,Defender,Geelong Cats,0,0.00012849162011173185
Curtis Taylor,46.0,170000,Forward,North Melbourne Kangaroos,49,0.0002705882352941176
Ben Crocker,46.0,283000,Forward,Adeliade Crows,2,0.00016254416961130743
Jed Bews,45.95,363000,Defender,Geelong Cats,0,0.0001265840220385675
Callum Brown,45.93,484000,Forward,Collingwood Magpies,1,9.489669421487604e-05
Todd Marshall,45.86,385000,Forward,Port Adelaide Power,0,0.00011911688311688312
Mitch Georgiades,45.86,236000,Forward,Port Adelaide Power,18,0.0001943220338983051
Jarrod Lienert,45.8,543000,Defender,Port Adelaide Power,0,8.434622467771638e-05
Cale Hooker,45.75,553000,Defender,Essendon Bombers,0,8.273056057866185e-05
Sam Wicks,45.71,,Forward,Sydney Swans,0,0
Shaun Burgoyne,45.62,525000,Defender,Hawthorn Hawks,0,8.689523809523809e-05
Tom Cole,45.6,419000,Defender,West Coast Eagles,0,0.00010883054892601432
Thomas Jonas,45.47,476000,Defender,Port Adelaide Power,0,9.552521008403362e-05
Bailey Banfield,45.4,433000,Forward,Fremantle Dockers,0,0.00010484988452655889
Harris Andrews,45.38,418000,Defender,Brisbane Lions,0,0.00010856459330143542
Ben Long,45.2,392000,Forward,St Kilda Saints,6,0.0001153061224489796
Tom Bellchambers,45.14,531000,Ruck,Essendon Bombers,0,8.500941619585687e-05
Laitham Vandermeer,45.0,170000,Midfield,Western Bulldogs,0,0.00026470588235294115
Myles Poholke,45.0,288000,Forward,Adeliade Crows,4,0.00015625
Jarrod Harbrow,44.77,525000,Defender,Gold Coast Suns,0,8.527619047619049e-05
Harrison Himmelberg,44.75,449000,Forward,Greater Western Sydney Giants,0,9.966592427616926e-05
Sam Lloyd,44.67,577000,Forward,Western Bulldogs,5,7.741767764298093e-05
Steven Motlop,44.64,479000,Forward,Port Adelaide Power,0,9.319415448851775e-05
Tom McDonald,44.44,473000,Forward,Melbourne Demons,0,9.395348837209302e-05
Eddie Betts,44.4,435000,Forward,Carlton Blues,1,0.00010206896551724138
Tom Williamson,44.4,251000,Defender,Carlton Blues,0,0.00017689243027888446
Sam Reid,44.4,514000,Forward,Sydney Swans,0,8.638132295719844e-05
Daniel Howe,44.4,500000,Defender,Hawthorn Hawks,2,8.88e-05
Darcy Gardiner,44.39,428000,Defender,Brisbane Lions,0,0.00010371495327102804
Lachlan Plowman,44.38,460000,Defender,Carlton Blues,0,9.647826086956523e-05
Matthew De Boer,44.38,519000,not found,Greater Western Sydney Giants,0,8.551059730250482e-05
Jayden Laverde,44.33,425000,Forward,Essendon Bombers,0,0.00010430588235294117
Noah Answerth,44.22,416000,Defender,Brisbane Lions,0,0.00010629807692307692
Aliir Aliir,44.14,478000,Defender,Sydney Swans,0,9.234309623430963e-05
Tom Barrass,44.0,418000,Defender,West Coast Eagles,0,0.00010526315789473685
Lachlan Ash,44.0,264000,Defender,Greater Western Sydney Giants,26,0.00016666666666666666
Kane Farrell,44.0,334000,Forward,Port Adelaide Power,0,0.0001317365269461078
Dougal Howard,43.89,403000,Defender,St Kilda Saints,0,0.00010890818858560794
Lewis Taylor,43.89,456000,Midfield,Sydney Swans,49,9.625e-05
Joshua Walker,43.88,415000,Defender,North Melbourne Kangaroos,0,0.00010573493975903615
Dylan Grimes,43.85,413000,Defender,Richmond Tigers,0,0.00010617433414043584
Lachlan Murphy,43.75,409000,Forward,Adeliade Crows,0,0.0001069682151589242
Tom Sparrow,43.6,293000,Forward,Melbourne Demons,2,0.00014880546075085325
Jack Henry,43.52,326000,Defender,Geelong Cats,0,0.00013349693251533742
Jake Aarts,43.5,170000,Forward,Richmond Tigers,0,0.0002558823529411765
Jake Melksham,43.47,555000,Forward,Melbourne Demons,0,7.832432432432432e-05
Brennan Cox,43.46,417000,Forward,Fremantle Dockers,1,0.00010422062350119904
Cameron Ellis-Yolmen,43.44,652000,Midfield,Brisbane Lions,0,6.662576687116564e-05
Keidean Coleman,43.4,198000,Midfield,Brisbane Lions,0,0.00021919191919191918
Boyd Woodcock,43.4,170000,Forward,Port Adelaide Power,0,0.0002552941176470588
Nicholas Holman,43.33,470000,Forward,Gold Coast Suns,0,9.219148936170212e-05
Darcy Cameron,43.3,170000,Ruck,Collingwood Magpies,17,0.0002547058823529412
Sam Gray,43.14,553000,Forward,Sydney Swans,0,7.801084990958408e-05
Noah Balta,43.06,353000,Ruck,Richmond Tigers,0,0.0001219830028328612
Josh Corbett,43.0,317000,Forward,Gold Coast Suns,0,0.0001356466876971609
Nick Hind,42.9,358000,Forward,St Kilda Saints,0,0.00011983240223463686
Oleg Markov,42.67,310000,Midfield,Richmond Tigers,0,0.00013764516129032258
Tom Clurey,42.61,430000,Defender,Port Adelaide Power,0,9.909302325581395e-05
Robbie Fox,42.5,389000,Defender,Sydney Swans,0,0.00010925449871465296
Alex Neal-Bullen,42.29,457000,Forward,Melbourne Demons,0,9.253829321663019e-05
Max King,42.22,170000,Forward,St Kilda Saints,15,0.0002483529411764706
Thomas Murphy,42.2,217000,Defender,North Melbourne Kangaroos,0,0.00019447004608294933
Jarryn Geary,42.19,448000,Defender,St Kilda Saints,0,9.417410714285714e-05
Dylan Clarke,42.0,491000,Midfield,Essendon Bombers,1,8.553971486761711e-05
Tom De Koning,41.86,190000,Ruck,Carlton Blues,0,0.00022031578947368421
Charlie Ballard,41.62,404000,Defender,Gold Coast Suns,0,0.00010301980198019801
Ian Hill,41.6,340000,Forward,Greater Western Sydney Giants,3,0.0001223529411764706
Hayden Young,41.6,258000,Defender,Fremantle Dockers,16,0.00016124031007751937
Mitch McGovern,41.5,362000,Forward,Carlton Blues,0,0.00011464088397790055
Aaron Francis,41.5,400000,Defender,Essendon Bombers,0,0.00010375
Adam Kennedy,41.33,485000,Defender,Greater Western Sydney Giants,0,8.521649484536082e-05
Jake Stringer,41.3,485000,Forward,Essendon Bombers,0,8.515463917525773e-05
Harry Schoenberg,41.25,224000,Midfield,Adeliade Crows,0,0.00018415178571428573
Easton Wood,41.23,347000,Defender,Western Bulldogs,0,0.00011881844380403458
Travis Varcoe,41.22,398000,Forward,Collingwood Magpies,0,0.0001035678391959799
James Bell,41.12,209000,Midfield,Sydney Swans,0,0.0001967464114832536
Brandon Starcevich,41.06,189000,Defender,Brisbane Lions,30,0.00021724867724867727
Roarke Smith,41.0,329000,Midfield,Western Bulldogs,45,0.00012462006079027357
Matt Cottrell,41.0,,Midfield,Carlton Blues,0,0
Alex Keath,40.89,498000,Defender,Western Bulldogs,0,8.210843373493976e-05
Tim O'Brien,40.81,439000,Defender,Hawthorn Hawks,0,9.29612756264237e-05
Ed Richards,40.71,378000,Midfield,Western Bulldogs,0,0.0001076984126984127
Tyson Stengle,40.58,327000,Forward,Adeliade Crows,0,0.00012409785932721712
Josh Thomas,40.57,439000,Forward,Collingwood Magpies,0,9.241457858769932e-05
Billy Frampton,40.4,293000,Forward,Adeliade Crows,0,0.0001378839590443686
Bradley Close,40.38,170000,Midfield,Geelong Cats,2,0.0002375294117647059
Brayden Ham,40.3,303000,Midfield,Essendon Bombers,0,0.000133003300330033
Bailey Dale,40.22,500000,Forward,Western Bulldogs,0,8.044e-05
Paul Puopolo,40.17,406000,Forward,Hawthorn Hawks,0,9.89408866995074e-05
Harry Taylor,40.11,426000,Defender,Geelong Cats,49,9.415492957746479e-05
James Stewart,40.1,316000,Forward,Essendon Bombers,0,0.0001268987341772152
Martin Gleeson,40.08,420000,Defender,Essendon Bombers,0,9.542857142857142e-05
Sam Day,40.06,473000,Forward,Gold Coast Suns,3,8.469344608879493e-05
Matthew Suckling,39.71,629000,Defender,Western Bulldogs,0,6.313195548489666e-05
Brendon Ah Chee,39.69,384000,Midfield,West Coast Eagles,0,0.00010335937499999999
Jake Kelly,39.6,497000,Defender,Adeliade Crows,8,7.967806841046278e-05
Shaun McKernan,39.56,505000,Forward,Essendon Bombers,0,7.833663366336634e-05
Sam Frost,39.5,390000,Defender,Hawthorn Hawks,0,0.00010128205128205129
Tom Atkins,39.5,395000,Forward,Geelong Cats,0,0.0001
Jonathon Marsh,39.5,246000,Defender,St Kilda Saints,21,0.0001605691056910569
Sam Weideman,39.31,381000,Forward,Melbourne Demons,0,0.00010317585301837271
Daniel McStay,39.29,383000,Forward,Brisbane Lions,0,0.00010258485639686684
Tyler Brown,39.22,170000,Midfield,Collingwood Magpies,1,0.00023070588235294117
Orazio Fantasia,39.2,404000,Forward,Essendon Bombers,0,9.702970297029704e-05
Jordan Roughead,39.18,412000,Defender,Collingwood Magpies,0,9.509708737864078e-05
Paul Ahern,39.17,463000,Defender,North Melbourne Kangaroos,0,8.460043196544277e-05
Tarryn Thomas,38.83,410000,Forward,North Melbourne Kangaroos,0,9.470731707317072e-05
Liam Jones,38.76,333000,Defender,Carlton Blues,10,0.0001163963963963964
Josh Bruce,38.59,433000,Forward,Western Bulldogs,0,8.912240184757506e-05
Ben Brown,38.56,534000,Forward,North Melbourne Kangaroos,1,7.220973782771536e-05
Ben King,38.47,290000,Forward,Gold Coast Suns,15,0.0001326551724137931
Tom McCartin,38.43,360000,Forward,Sydney Swans,0,0.00010674999999999999
Taylor Walker,38.43,468000,Forward,Adeliade Crows,0,8.211538461538462e-05
Kyle Hartigan,38.33,314000,Defender,Adeliade Crows,0,0.00012207006369426751
Hayden McLean,38.33,394000,Ruck,Sydney Swans,0,9.728426395939086e-05
Mason Cox,38.27,382000,Forward,Collingwood Magpies,1,0.00010018324607329844
Xavier O'Neill,38.2,170000,Midfield,West Coast Eagles,0,0.00022470588235294118
Aaron Naughton,38.17,475000,Forward,Western Bulldogs,0,8.035789473684211e-05
Luke Jackson,38.17,266000,Ruck,Melbourne Demons,0,0.00014349624060150376
Oliver Hanrahan,38.14,372000,Forward,Hawthorn Hawks,0,0.00010252688172043011
Mitchell Hannan,38.11,391000,Forward,Melbourne Demons,0,9.746803069053709e-05
Ben McKay,38.0,192000,Defender,North Melbourne Kangaroos,0,0.00019791666666666666
Jay Lockhart,38.0,419000,Forward,Melbourne Demons,0,9.069212410501193e-05
Charlie Spargo,38.0,412000,Forward,Melbourne Demons,0,9.223300970873787e-05
Harley Bennell,38.0,,Midfield,Melbourne Demons,0,0
Jarman Impey,38.0,530000,Defender,Hawthorn Hawks,0,7.169811320754717e-05
Jack Ziebell,37.62,666000,Midfield,North Melbourne Kangaroos,0,5.6486486486486486e-05
Ned McHenry,37.5,170000,Midfield,Adeliade Crows,5,0.00022058823529411765
Lewis Melican,37.44,315000,Defender,Sydney Swans,0,0.00011885714285714285
Sydney Stack,37.44,536000,Defender,Richmond Tigers,0,6.985074626865671e-05
Connor Budarick,37.4,170000,Midfield,Gold Coast Suns,26,0.00021999999999999998
Zaine Cordy,37.14,301000,Defender,Western Bulldogs,0,0.00012338870431893688
Mason Wood,37.0,453000,Forward,North Melbourne Kangaroos,0,8.167770419426049e-05
Daniel Talia,36.79,420000,Defender,Adeliade Crows,0,8.75952380952381e-05
Kyron Hayden,36.5,170000,Midfield,North Melbourne Kangaroos,1,0.00021470588235294118
Colin O'Riordan,36.38,410000,Defender,Sydney Swans,0,8.873170731707317e-05
Lachlan Keeffe,36.08,315000,Defender,Greater Western Sydney Giants,0,0.00011453968253968254
Phil Davis,36.0,502000,Defender,Greater Western Sydney Giants,12,7.171314741035856e-05
Darcy Fogarty,36.0,361000,Forward,Adeliade Crows,0,9.97229916897507e-05
Changkuoth Jiath,36.0,302000,Defender,Hawthorn Hawks,0,0.00011920529801324503
Jayden Hunt,35.83,408000,Forward,Melbourne Demons,0,8.781862745098039e-05
Oscar McDonald,35.71,286000,Defender,Melbourne Demons,0,0.00012486013986013987
Brayden Ainsworth,35.67,334000,Midfield,West Coast Eagles,6,0.00010679640718562875
Griffin Logue,35.2,375000,Defender,Fremantle Dockers,0,9.386666666666668e-05
Zac Langdon,35.14,298000,Forward,Greater Western Sydney Giants,3,0.00011791946308724832
Jack Mahony,35.0,204000,Midfield,North Melbourne Kangaroos,2,0.0001715686274509804
Brandon Matera,35.0,460000,Forward,Fremantle Dockers,0,7.608695652173912e-05
Mabior Chol,34.82,391000,Ruck,Richmond Tigers,0,8.90537084398977e-05
Nick Larkey,34.8,399000,Forward,North Melbourne Kangaroos,0,8.721804511278195e-05
Jacob Townsend,34.5,266000,Forward,Essendon Bombers,14,0.00012969924812030075
Travis Colyer,34.33,448000,Forward,Fremantle Dockers,0,7.662946428571429e-05
Lachlan Hosie,34.2,170000,Forward,North Melbourne Kangaroos,0,0.0002011764705882353
Jack Payne,34.2,170000,Defender,Brisbane Lions,0,0.0002011764705882353
Kysaiah Pickett,34.07,248000,Forward,Melbourne Demons,72,0.00013737903225806452
Benjamin Stratton,33.79,277000,Defender,Hawthorn Hawks,0,0.000121985559566787
Sean Lemmens,33.67,369000,Midfield,Gold Coast Suns,0,9.124661246612466e-05
Aiden Bonar,33.17,333000,Midfield,North Melbourne Kangaroos,3,9.960960960960962e-05
Chayce Jones,32.8,318000,Forward,Adeliade Crows,10,0.00010314465408805031
Brandon Zerk-Thatcher,32.4,312000,Defender,Essendon Bombers,1,0.00010384615384615384
Will Hamill,32.12,,Defender,Adeliade Crows,0,0
James Frawley,32.0,370000,Defender,Hawthorn Hawks,0,8.648648648648648e-05
Sam Flanders,31.2,250000,Midfield,Gold Coast Suns,2,0.0001248
Minairo Frederick,30.6,170000,Forward,Fremantle Dockers,0,0.00018
Jack Petruccelle,30.0,379000,Forward,West Coast Eagles,0,7.9155672823219e-05
Ryan Gardner,29.6,170000,Forward,Western Bulldogs,0,0.00017411764705882354
Caleb Graham,28.57,268000,Defender,Gold Coast Suns,0,0.0001066044776119403
Thomas Berry,28.0,170000,Forward,Brisbane Lions,1,0.0001647058823529412
Mitchell Lewis,27.88,467000,Forward,Hawthorn Hawks,0,5.970021413276231e-05
Fischer McAsey,27.4,260000,Defender,Adeliade Crows,8,0.00010538461538461538
Archie Smith,26.6,259000,Ruck,Brisbane Lions,45,0.00010270270270270271
Jonathon Patton,22.67,366000,Ruck,Hawthorn Hawks,30,6.193989071038252e-05
Jarrod Cameron,22.2,338000,Forward,West Coast Eagles,17,6.568047337278106e-05
Joel Smith,21.57,287000,Defender,Melbourne Demons,45,7.515679442508711e-05
Neville Jetta,20.83,342000,Defender,Melbourne Demons,0,6.090643274853801e-05
Ben Cunnington,,608000,Midfield,,0,0
Jeremy Howe,,515000,Defender,,2,0
Luke Dunstan,,637000,Midfield,,0,0
Sam Naismith,,284000,Ruck,,62,0
Wayne Milera,,570000,Defender,,1,0
Rory Atkins,,604000,Midfield,,0,0
Sam Sturt,,170000,Forward,,7,0
Jordan Clark,,468000,Midfield,,1,0
Jesse Joyce,,436000,Defender,,0,0
Kaiden Brand,,314000,Defender,,0,0
Nic Newman,,693000,Defender,,0,0
Will Brodie,,612000,Midfield,,9,0
Ben Ronke,,360000,Forward,,0,0
Paddy Dow,,397000,Midfield,,0,0
Ben Davis,,170000,Forward,,12,0
Isaac Cumming,,314000,Defender,,10,0
Jack Silvagni,,491000,Forward,,0,0
Toby Bedford,,170000,Forward,,0,0
Deven Robertson,,228000,Midfield,,4,0
Zach Guthrie,,312000,Defender,,0,0
Ben Cavarra,,170000,Forward,,0,0
Dylan Roberton,,327000,Defender,,24,0
Matthew Kreuzer,,614000,Ruck,,0,0
Bryce Gibbs,,600000,Midfield,,1,0
Lewis Young,,318000,Defender,,16,0
Sam Taylor,,318000,Defender,,49,0
Marcus Adams,,430000,Defender,,16,0
Tom Hickey,,224000,Ruck,,0,0
Lin Jong,,307000,Midfield,,0,0
Dyson Heppell,,696000,Midfield,,1,0
Darcy Lang,,448000,Forward,,0,0
Billy Gowers,,170000,Forward,,0,0
Will Schofield,,183000,Defender,,0,0
Rhylee West,,302000,Forward,,1,0
Louis Butler,,170000,Defender,,0,0
Tristan Xerri,,170000,Ruck,,15,0
Sam Philp,,189000,Midfield,,0,0
Matthew Scharenberg,,495000,Defender,,0,0
Josh Schache,,408000,Forward,,0,0
Harrison Jones,,213000,Forward,,10,0
Atu Bosenavulagi,,170000,Forward,,0,0
Ryley Stoddart,,192000,Defender,,0,0
Chad Warner,,194000,Midfield,,0,0
Will Kelly,,170000,Forward,,8,0
Josh Morris,,170000,Forward,,0,0
Cameron Sutcliffe,,342000,Forward,,0,0
Tom Campbell,,170000,Ruck,,2,0
Cody Weightman,,242000,Forward,,0,0
Ned Cahill,,170000,Midfield,,0,0
Elijah Taylor,,200000,Midfield,,49,0
Ryan Byrnes,,170000,Midfield,,0,0
Charlie Constable,,563000,Midfield,,0,0
Matthew Ling,,170000,Defender,,0,0
Patrick Naish,,414000,Midfield,,0,0
Callum Porter,,170000,Midfield,,0,0
Tobe Watson,,170000,Defender,,5,0
Matthew Parker,,394000,Forward,,0,0
Shane Savage,,581000,Defender,,0,0
Majak Daw,,333000,Defender,,0,0
Sam Skinner,,232000,Forward,,0,0
Brayden Sier,,493000,Midfield,,0,0
Jackson Trengove,,422000,Defender,,0,0
Connor Ballenden,,170000,Forward,,0,0
Kieran Strachan,,170000,Ruck,,0,0
Mark Keane,,170000,Defender,,0,0
Riley Knight,,532000,Forward,,0,0
Harry Edwards,,170000,Defender,,0,0
Will Walker,,258000,Forward,,0,0
Xavier O'Halloran,,170000,Midfield,,0,0
Ben Reid,,428000,Forward,,0,0
Trey Ruscoe,,170000,Defender,,0,0
Jeremy Sharp,,218000,Midfield,,16,0
Jack Bytel,,170000,Midfield,,4,0
Conor Nash,,301000,Forward,,0,0
Sam Durdin,,179000,Defender,,0,0
Matt Eagles,,170000,Defender,,0,0
Conor Glass,,344000,Defender,,0,0
Braydon Preuss,,381000,Ruck,,0,0
Rhys Mathieson,,443000,Midfield,,0,0
Zac Foot,,170000,Midfield,,6,0
Kobe Mutch,,239000,Midfield,,0,0
Josh Honey,,211000,Midfield,,0,0
Irving Mosquito,,170000,Forward,,0,0
Michael Hartley,,336000,Defender,,0,0
Liam Henry,,263000,Midfield,,0,0
Flynn Appleby,,268000,Defender,,0,0
Jordon Butts,,281000,Defender,,0,0
Joe Daniher,,420000,Forward,,0,0
Will Hayes,,484000,Midfield,,0,0
Thomson Dow,,230000,Midfield,,0,0
Mark Hutchings,,378000,Midfield,,0,0
Cameron Polson,,195000,Forward,,0,0
Tory Dickson,,243000,Forward,,0,0
Max Lynch,,170000,Ruck,,2,0
Josh Jenkins,,557000,Forward,,0,0
Damon Greaves,,335000,Defender,,4,0
Flynn Perez,,202000,Defender,,0,0
Dylan Moore,,365000,Forward,,0,0
Oskar Baker,,396000,Midfield,,0,0
Ryan Abbott,,343000,Ruck,,0,0
Taylor Duryea,,569000,Defender,,0,0
Mitchell Hinge,,307000,Midfield,,0,0
Jack Buckley,,170000,Midfield,,0,0
Finn Maginness,,214000,Midfield,,0,0
Lochie O'Brien,,394000,Midfield,,0,0
Taylor Garner,,424000,Forward,,0,0
Ben Jarvis,,170000,Defender,,0,0
Hamish Brayshaw,,170000,Midfield,,28,0
Joel Amartey,,170000,Ruck,,0,0
Connor Idun,,184000,Defender,,0,0
Jy Farrar,,170000,Forward,,0,0
Luke Foley,,170000,Defender,,0,0
