Max Gawn,RUC,123.6,14,944000
Lachie Neale,MID,122.5,17,935000
Zach Merrett,MID,115.8,16,884000
Lachie Hunter,MID,119.1,9,882000
Clayton Oliver,MID,114.6,17,875000
Taylor Adams,MID,114.4,17,873000
Tom Rockliff,MID,114.3,14,873000
Jake Lloyd,DEF,114.4,17,873000
Brodie Grundy,RUC,113.6,17,867000
Jack Steele,MID,113.6,17,867000
Jack Macrae,MID,112.6,17,860000
Matt Crouch,MID,110.5,16,844000
Steele Sidebottom,MID/FWD,113.6,9,841000
Andrew Gaff,MID,108.8,17,831000
Reilly O'Brien,RUC,108.5,17,828000
Christian Petracca,MID,108,17,825000
Tom Mitchell,MID,107.8,17,823000
Lachie Whitfield,DEF,107.4,17,820000
Jarryd Lyons,MID,107,17,817000
Adam Treloar,MID,109.8,8,812000
Cameron Guthrie,MID,106.1,17,810000
Mitch Duncan,MID,106,16,809000
Josh Kelly,MID,106,14,809000
Luke Parker,MID,106,17,809000
Scott Pendlebury,MID,105.5,13,805000
Marcus Bontempelli,MID,104.9,17,801000
Travis Boak,MID,104.6,17,799000
Jed Anderson,MID,104.1,15,795000
Sam Menegola,MID,102.6,17,783000
Dylan Shiel,MID,102.1,15,780000
Patrick Dangerfield,MID/FWD,102.1,17,780000
Josh P. Kennedy,MID,101.6,12,776000
Touk Miller,MID,100.8,17,770000
Bachar Houli,DEF,85.8,9,764000
Rory Laird,DEF/MID,99.9,17,763000
Todd Goldstein,RUC,99.5,17,760000
Dayne Zorko,MID/FWD,98.6,15,753000
Trent Dumont,MID,98,17,748000
Stephen Coniglio,MID,97.5,16,744000
Josh Dunkley,MID/FWD,97.1,11,741000
Ed Curnow,MID,96.8,17,739000
Sam Walsh,MID,96.8,17,739000
Andrew McGrath,MID,96.6,14,738000
Rowan Marshall,RUC/FWD,96.6,17,738000
Hugh Greenwood,MID,96.5,17,737000
James Worpel,MID,96.5,15,737000
Tom Stewart,DEF,96.4,14,736000
Tim Kelly,MID,95.6,17,730000
Andrew Brayshaw,MID,95.5,17,729000
Ollie Wines,MID,95.5,15,729000
Shaun Higgins,MID,95.3,17,728000
Jack Crisp,DEF,95.1,17,726000
Jaeger O'Meara,MID,94.8,12,724000
Nat Fyfe,MID,94.3,14,720000
Jack Viney,MID,94.3,16,720000
Patrick Cripps,MID,94.1,17,718000
Tim Taranto,MID,94.1,11,718000
Brayden Maynard,DEF,93.8,17,716000
Luke Dunstan,MID,125,1,716000
Jack Billings,MID,93.6,17,715000
Dustin Martin,MID/FWD,93.4,16,713000
Hugh McCluggage,MID,92.8,17,708000
Brad Crouch,MID,92.8,12,708000
Zak Jones,MID,92.8,14,708000
Callum Mills,DEF,92.3,15,705000
Michael Walters,MID/FWD,91.4,14,698000
Tim English,RUC,91.4,17,698000
Dan Houston,DEF,91.3,15,697000
Ed Langdon,MID,91.1,17,696000
Jayden Short,DEF,90.9,17,694000
Luke McDonald,DEF,90.6,17,692000
Brandon Ellis,MID,90.5,16,691000
Jared Polec,MID,89.8,13,686000
Jordan Ridley,DEF,89.5,17,683000
David Swallow,MID,89.3,15,682000
Jarrod Berry,MID,89.1,15,680000
Christian Salem,DEF,89.1,16,680000
Elliot Yeo,MID,89,10,679000
Sam Docherty,DEF,88.6,16,676000
Devon Smith,MID,88.5,16,676000
Tom Hawkins,FWD,88.5,17,676000
Jy Simpkin,MID,88.5,17,676000
Caleb Daniel,DEF,88.6,17,676000
Nick Haynes,DEF,88.4,17,675000
Tom Liberatore,MID,88.4,15,675000
Dom Sheed,MID,88.4,16,675000
Luke Ryan,DEF,88.1,17,673000
Jacob Hopper,MID,88.1,17,673000
Brad Sheppard,DEF,88,17,672000
Harry Perryman,MID,87.8,16,670000
Jeremy Howe,DEF,106.9,4,669000
Josh Daicos,MID,87,16,664000
James Sicily,DEF,86.9,11,663000
Bailey Smith,MID,86.9,17,663000
Dan Hannebery,MID,71.6,6,662000
Liam Duggan,DEF,86.6,16,661000
Luke Shuey,MID,86,12,657000
Kyle Langford,MID/FWD,85.8,16,655000
Brandan Parfitt,MID,85.6,14,654000
Alex Witherden,DEF,97.3,6,654000
Nic Naitanui,RUC,85.5,16,653000
Brodie Smith,DEF/MID,85.4,16,652000
Brayden Fiorini,MID,69.8,5,647000
Liam Shiels,MID,84.8,16,647000
Blake Acres,MID,93,7,646000
Dion Prestia,MID,94.5,5,645000
Daniel Rich,DEF,84.4,13,644000
Chad Wingard,FWD,84.4,17,644000
Jack Ziebell,FWD,47,8,644000
Will Setterfield,MID,83.8,16,640000
Caleb Serong,MID,83.3,14,636000
Marc Murphy,MID,83,17,634000
Trent Cotchin,MID,83.1,13,634000
Jordan Dawson,DEF,82.9,16,633000
Adam Saad,DEF,82.8,17,632000
Cameron Ellis-Yolmen,MID/FWD,55.4,8,631000
David Mundy,MID,82.6,16,631000
Adam Cerra,MID,82.6,17,631000
Scott Lycett,RUC,82.5,13,630000
Zach Tuohy,MID,82.1,15,627000
Toby Greene,FWD,82.1,13,627000
Zac Williams,DEF,82,11,626000
Darcy Parish,MID,81.8,17,625000
Shai Bolton,MID/FWD,81.9,15,625000
Lachie Weller,MID,81.3,17,621000
Isaac Smith,MID/FWD,81,10,618000
Karl Amon,MID,80.8,17,617000
Shannon Hurn,DEF,80.8,16,617000
Jarrod Witts,RUC,80.5,17,615000
Tom Lynch,FWD,79.8,13,609000
Ben Keays,MID,79.8,16,609000
Jack Martin,FWD,79.6,15,608000
Jack Bowes,DEF,79.6,17,608000
Jordan De Goey,FWD,74.9,8,605000
Bailey Williams,DEF,79.3,17,605000
Angus Brayshaw,MID,79,14,603000
Darcy Byrne-Jones,DEF,79,17,603000
Hunter Clark,DEF,79,16,603000
Isaac Heeney,FWD,88.4,6,603000
Tom Phillips,MID/FWD,78.9,15,602000
Gryan Miers,FWD,78.3,17,598000
Kane Lambert,FWD,78.3,16,598000
Joel Selwood,MID,78,11,596000
Jack Lukosius,DEF,77.9,17,595000
Zak Butters,FWD,77.9,15,595000
Ben Ainsworth,FWD,77.5,16,592000
Nick Coffield,DEF,77.6,16,592000
Jason Johannisen,DEF,77.5,16,592000
Zac Bailey,MID/FWD,77.3,17,590000
Paul Seedsman,MID,79.5,9,589000
James Aish,MID,77,16,588000
Nick Vlastuin,DEF,76.9,16,587000
Jade Gresham,MID,76.9,11,587000
Michael Gibbons,FWD,76.6,15,585000
John Noble,DEF,76.6,15,585000
Steven May,DEF,76.5,17,584000
Jack Gunston,FWD,76.4,16,583000
Aaron Hall,FWD,76.4,15,583000
Robbie Gray,FWD,76.4,17,583000
Rory Sloane,MID,76,12,580000
Hamish Hartlett,DEF,75.8,17,579000
Callum Sinclair,RUC,75.6,13,577000
Tom Cutler,MID,63.3,8,576000
Michael Hurley,DEF,75.5,14,576000
Oliver Florent,MID,75.5,17,576000
Mark Blicavs,DEF/MID,75.3,17,575000
James Cousins,MID,85.6,6,575000
Dan Butler,FWD,75.3,17,575000
Paddy Ryder,RUC,75.3,13,575000
Matt Rowell,MID,88.5,5,574000
Rhys Stanley,RUC,82.5,7,573000
Jonathon Ceglar,RUC,75,13,573000
Ryan Clarke,MID,74.9,10,572000
Matthew Kennedy,MID/FWD,82,7,570000
Stefan Martin,RUC,56.3,6,570000
Will Day,DEF,74.5,11,569000
Patrick Lipinski,MID,74.5,12,569000
Dyson Heppell,MID,51.6,3,566000
Sebastian Ross,MID,74,14,565000
Jack Higgins,FWD,73.8,10,563000
Noah Anderson,MID,73.6,17,562000
Charlie Dixon,FWD,73.5,16,561000
Matt Taberner,FWD,73.3,16,560000
Peter Ladhams,RUC/FWD,78,8,560000
Hayden Crozier,DEF,73.4,14,560000
Sam Naismith,RUC,96.3,2,559000
Sam Powell-Pepper,MID/FWD,73.1,17,558000
Jack Scrimshaw,DEF,72.9,13,557000
Robbie Tarrant,DEF,73,16,557000
Jack Graham,MID,72.9,12,557000
Bradley Hill,MID,72.9,17,557000
Toby Nankervis,RUC,80,7,556000
Tom Papley,FWD,72.8,17,556000
Jackson Nelson,DEF,72.8,14,556000
Harry Cunningham,DEF,72.6,17,554000
Jack Redden,MID,72.5,12,554000
Bayley Fritsch,FWD,72.4,16,553000
Mitch Robinson,MID,72.1,17,550000
Oscar McInerney,RUC,72,17,550000
Quinton Narkle,MID,58.3,5,550000
Michael Hibberd,DEF,72,14,550000
Liam Baker,DEF,72,16,550000
Reece Conca,DEF,71.8,14,548000
Tom Doedee,DEF,73.8,9,547000
Jack Newnes,MID/FWD,71.5,17,546000
Jamie Elliott,MID/FWD,71.4,16,545000
Brett Bewley,MID/FWD,71.4,12,545000
Nic Newman,DEF,36.3,2,542000
Rory Lobb,RUC/FWD,71,17,542000
Jack Sinclair,MID,70.8,10,541000
Jeremy McGovern,DEF,70.9,11,541000
Chris Mayne,MID,70.6,12,539000
Xavier Duursma,MID,70.6,13,539000
Cale Hooker,DEF,57.3,8,535000
Sydney Stack,MID/FWD,46.8,9,535000
James Rowbottom,MID,70.1,16,535000
Liam Ryan,FWD,69.9,17,534000
Taylor Duryea,DEF/FWD,91.9,2,533000
Ben Brown,FWD,48.3,9,532000
Lachie Henderson,DEF,69.5,10,531000
Damon Greaves,DEF,87.9,3,530000
Nathan Jones,MID/FWD,60.8,8,528000
Luke Breust,FWD,68.9,13,526000
Kamdyn McIntosh,MID,68.9,14,526000
Darcy Tucker,MID,73.1,8,525000
David Zaharakis,FWD,68.6,10,524000
Oscar Allen,FWD,68.6,14,524000
Marc Pittonet,RUC,68.4,13,522000
Andrew Phillips,RUC,61.5,5,522000
Luke Davies-Uniacke,MID,70.5,9,522000
Jarrod Lienert,DEF,57.3,5,522000
Will Snelling,FWD,68.3,17,521000
Lewis Taylor,FWD,54.9,9,521000
Shaun Atley,DEF,68.1,17,520000
Charlie Cameron,FWD,67.9,17,518000
Connor Rozee,FWD,67.8,14,518000
Jack Lonie,FWD,67.8,11,518000
Sam Gray,FWD,53.9,7,518000
Sam Petrevski-Seton,DEF,67.6,16,516000
Jason Castagna,FWD,67.6,17,516000
Cam Rayner,FWD,67.4,15,515000
Marlion Pickett,MID,67.5,15,515000
Bailey Dale,FWD,50.3,9,514000
Ivan Soldo,RUC,67,14,512000
Jake Carlisle,DEF,67.1,12,512000
Dylan Stephens,MID,71.3,8,512000
Levi Casboult,FWD,66.9,17,511000
Grant Birchall,DEF,66.8,14,510000
Rory Atkins,MID,44.4,4,510000
Callum Ah Chee,DEF,66.5,16,508000
Toby McLean,FWD,66.5,12,508000
Luke Dahlhaus,FWD,66.3,12,506000
Josh Caddy,MID,63.8,8,506000
George Hewett,MID,63.1,6,506000
Shaun McKernan,FWD,49.5,9,504000
Isaac Quaynor,DEF,67.9,9,503000
Will Brodie,MID/FWD,56.3,1,503000
Ben Cunnington,MID,83.4,3,503000
Shane McAdam,FWD,65.8,13,502000
Jye Caldwell,MID/FWD,67.8,9,502000
Jack Darling,FWD,65.8,17,502000
Dane Rampe,DEF,65.6,11,501000
Harry Morrison,DEF/MID,65.5,11,500000
Jamie Cripps,FWD,65.4,13,499000
Shane Edwards,MID,72.3,6,497000
Riley Bonner,DEF,61.8,9,496000
David Mackay,DEF,64.8,10,495000
Darcy Moore,DEF,64.8,16,495000
Ben Paton,DEF,64.8,17,495000
Josh Battle,MID/FWD,64.8,13,495000
Josh Jenkins,RUC/FWD,86.3,1,494000
Eric Hipwood,FWD,64.6,17,493000
Sean Darcy,RUC,64.6,15,493000
Nathan Wilson,DEF,64.6,15,493000
Adam Tomlinson,DEF/MID,64.6,13,493000
Ethan Hughes,DEF,64.4,17,492000
Tim Membrey,FWD,64.5,16,492000
Lachie Fogarty,FWD,72.8,6,489000
Trent McKenzie,DEF,64.1,15,489000
Jeremy Cameron,FWD,63.9,17,488000
Daniel Rioli,FWD,63.9,14,488000
Bryce Gibbs,DEF,60.9,3,487000
Jackson Hately,MID,72.3,6,486000
Will Hoskin-Elliott,FWD,63.6,16,486000
Connor Blakely,MID,64,5,485000
Ryan Burton,DEF,65,6,485000
Charlie Constable,MID,77.5,2,484000
Trent Rivers,DEF,65.3,9,484000
Sam Mayes,DEF,72.1,6,484000
Josh Rotham,DEF,63.1,10,482000
David Cuningham,FWD,63,12,481000
Lachie Schultz,FWD,63,17,481000
Sam Simpson,FWD,71.6,6,481000
Zac Fisher,FWD,66.9,8,480000
Stephen Hill,DEF,62.9,12,480000
Mark O'Connor,DEF,62.9,17,480000
Aidan Corr,DEF,62.9,15,480000
David Astbury,DEF,74,5,480000
Jake Riccardi,FWD,73.8,5,479000
Elliott Himmelberg,FWD,62.6,11,478000
Todd Marshall,FWD,62.6,12,478000
Jeremy Finlayson,FWD,62.5,15,477000
Ben McEvoy,DEF/RUC,62.5,16,477000
Ryan Lester,DEF,62.4,13,476000
Wil Powell,DEF,62.3,15,476000
Dylan Clarke,MID/FWD,52.5,8,475000
Jake Waterman,FWD,64.1,9,475000
James Harmes,DEF,62.1,13,474000
Alex Sexton,FWD,62,14,473000
Tom McDonald,FWD,55.5,9,472000
Cameron Zurhaar,FWD,61.8,16,472000
Jack Madgen,DEF,61.5,11,470000
Jaidyn Stephenson,FWD,61.5,12,470000
Jack Riewoldt,FWD,61.4,17,469000
Nathan Broad,DEF,61.4,13,469000
Justin McInerney,MID,63,9,467000
Brody Mihocek,FWD,61,16,466000
Shane Mumford,RUC,61.1,10,466000
Izak Rankine,FWD,60.9,12,465000
Esava Ratugolea,RUC/FWD,60.6,12,463000
Jarman Impey,FWD,47.5,5,463000
Callan Ward,MID,66.3,7,461000
Dean Kent,FWD,60.4,13,461000
Lincoln McCarthy,FWD,60.3,15,460000
Harry McKay,FWD,60.1,13,459000
Jesse Hogan,FWD,60.9,7,459000
Callum Wilkie,DEF,60.1,17,459000
Gary Rohan,FWD,60,15,458000
Jake Kolodjashnij,DEF,60,13,458000
Darcy MacPherson,FWD,59.9,12,457000
Sam Draper,RUC,63.3,8,454000
Brent Daniels,FWD,59.5,16,454000
Mitch Brown,FWD,69.8,5,453000
Bailey Scott,MID/FWD,59.4,13,453000
Will Hayward,FWD,59.3,16,453000
Mitch Lewis,FWD,34.9,8,452000
Blake Hardwick,DEF,59.1,16,451000
Luke Brown,DEF,58.9,17,450000
Daniel Lloyd,FWD,58.9,12,450000
Nick Blakey,MID/FWD,58.9,16,450000
Mitch Wallis,FWD,58.9,17,450000
Jarrod Brander,MID/FWD,62.4,8,448000
Travis Colyer,FWD,42.9,9,447000
Dylan Grimes,DEF,58.5,16,447000
Tom Cole,DEF,58.6,14,447000
Wayne Milera,DEF,64.4,2,446000
Matt Guelfi,DEF,58.4,11,446000
Anthony McDonald-Tipungwuti,FWD,58.4,17,446000
Mason Redman,DEF,58,13,443000
Tom Green,MID,65.9,6,443000
Tom Scully,MID/FWD,58,14,443000
Lachlan Sholl,DEF/MID,61.6,8,442000
Jacob Weitering,DEF,57.9,17,442000
Taylin Duman,DEF,57.9,15,442000
Sam Collins,DEF,57.9,17,442000
Aaron vandenBerg,MID,57.9,12,442000
Mitch Crowden,FWD,57.8,10,441000
Jed Bews,DEF,57.8,16,441000
Jake Lever,DEF,57.8,17,441000
Dylan Moore,FWD,72.9,3,440000
Tom J. Lynch,FWD,57.6,16,440000
Jack Ross,MID,63.4,7,440000
Adam Kennedy,MID,51.6,6,439000
Callum L. Brown,FWD,57.4,14,438000
Rhys Mathieson,MID/FWD,76.3,1,437000
Daniel Howe,DEF/MID,55.5,5,437000
Shaun Burgoyne,FWD,57,13,435000
Hayden McLean,FWD,47.9,6,435000
Andrew McPherson,DEF,58.3,9,432000
Joe Daniher,FWD,60,4,432000
Ben Long,DEF,56.4,14,431000
Josh J. Kennedy,FWD,56.5,16,431000
Laitham Vandermeer,MID/FWD,56.3,12,430000
Harris Andrews,DEF,56.1,14,428000
Jarrod Harbrow,DEF,56,13,428000
Harry Himmelberg,FWD,56,16,428000
Alex Neal-Bullen,FWD,52.9,7,428000
Tom Barrass,DEF,56.1,17,428000
Darcy Gardiner,DEF,55.9,17,427000
Curtis Taylor,FWD,57.5,9,426000
Tom Williamson,DEF,55.5,15,424000
Eddie Betts,FWD,55.5,15,424000
Lachie Plowman,DEF,55.5,16,424000
Darcy Fort,RUC,65.3,5,424000
Matt de Boer,MID,55.5,13,424000
Noah Balta,DEF,55.6,13,424000
Sam Reid,FWD,55.5,10,424000
Jordan Clark,DEF/MID,70,3,422000
Aliir Aliir,DEF,55.3,14,422000
Tom Jonas,DEF,55.1,17,421000
Patrick Naish,MID,42.5,1,421000
Lachie Ash,DEF,55,12,420000
Kane Farrell,MID/FWD,55,11,420000
Josh Walker,DEF,54.9,17,419000
Tom Clurey,DEF,54.9,16,419000
Lachlan Murphy,FWD,54.8,12,418000
Tom Hickey,RUC,42.1,3,418000
Noah Answerth,DEF,55.3,9,415000
Brennan Cox,DEF,54.4,13,415000
Jake Melksham,FWD,54.4,17,415000
Jake Aarts,FWD,54.3,13,415000
Nick Holman,FWD,54.1,12,413000
Steven Motlop,FWD,53.9,12,412000
Dougal Howard,DEF,53.9,17,412000
Dom Tyson,MID,0,0,410000
Nick Hind,FWD,53.6,10,409000
Oskar Baker,MID,67.5,3,407000
Robbie Fox,DEF,53.1,14,405000
Will Hayes,MID,46.3,2,403000
Brayden Sier,MID,66.6,3,402000
Jack Silvagni,FWD,34.6,3,399000
Josh Thomas,FWD,52.3,12,399000
Mitch Georgiades,FWD,57.4,7,399000
Levi Greenwood,MID,59.8,4,398000
Charlie Ballard,DEF,52,16,397000
Jack Henry,DEF,52,17,397000
Sam Wicks,FWD,57.1,7,397000
Colin O'Riordan,DEF,45.5,8,397000
Daniel McStay,FWD,51.9,15,396000
Mitch McGovern,FWD,51.9,12,396000
Darcy Cameron,FWD,55,8,395000
Jordan Roughead,DEF,51.8,15,395000
Jake Stringer,FWD,51.6,10,394000
Jayden Laverde,FWD,55.4,6,394000
Max King,FWD,51.6,16,394000
Easton Wood,DEF,51.6,12,394000
Zac Smith,RUC,0,0,392000
Alex Keath,DEF,51.4,17,392000
Sam J. Reid,DEF,30,3,391000
Brandon Starcevich,DEF,51.1,16,390000
Ed Richards,MID/FWD,51.1,16,390000
Tim O'Brien,FWD,51,16,389000
Tyson Stengle,FWD,50.8,12,388000
Aaron Francis,DEF,51.9,8,387000
Keidean Coleman,FWD,61.6,4,386000
Brayden Ham,MID,50.4,10,385000
Tom Atkins,FWD,50.4,11,385000
James Stewart,FWD,50.1,10,382000
Martin Gleeson,DEF,50.1,13,382000
Sam Day,FWD,50.1,17,382000
Jarryn Geary,DEF,50,14,382000
Mason Cox,FWD,48.8,9,381000
Brendon Ah Chee,FWD,49.6,15,379000
Jake Kelly,DEF,49.5,15,378000
Braydon Preuss,RUC,62.5,3,377000
Sam Frost,DEF,49.4,16,377000
Lance Franklin,FWD,0,0,377000
Sam Weideman,FWD,49.1,13,375000
Lin Jong,MID/FWD,62.1,3,375000
Josh Corbett,FWD,53.8,7,374000
Tarryn Thomas,FWD,48.5,6,372000
Josh Bruce,FWD,48.6,16,371000
Aaron Naughton,FWD,48.6,11,371000
Harry Schoenberg,FWD,51.6,8,370000
Liam Jones,DEF,48.5,17,370000
Oleg Markov,DEF,53.4,6,370000
Jayden Hunt,FWD,44.8,6,370000
Bailey Banfield,FWD,56.8,5,369000
James Bell,FWD,51.4,8,369000
Tobe Watson,DEF,60.9,3,367000
Ben King,FWD,48.1,17,367000
Taylor Walker,FWD,48,14,366000
Peter Wright,FWD,0,0,366000
Kyle Hartigan,DEF,47.9,12,366000
Tom McCartin,FWD,48,14,366000
Zaine Cordy,DEF,48,13,366000
Louis Butler,DEF,63.1,2,366000
Jamaine Jones,FWD,63.1,2,366000
Tom De Koning,RUC,52.4,7,364000
Tyler Brown,MID,49,9,363000
Michael Hartley,DEF,62.5,2,363000
Jay Lockhart,DEF,47.5,10,363000
Ben McKay,DEF,47.5,11,363000
Brad Close,FWD,50.5,8,362000
Willem Drew,MID,0,0,361000
Oliver Hanrahan,FWD,47.6,7,359000
Mitchell Hinge,MID,62.5,1,358000
Connor Budarick,DEF,46.8,15,357000
Sean Lemmens,FWD,42.1,6,355000
Isaac Cumming,DEF,58.8,3,355000
Tom Sparrow,MID,54.5,5,354000
Orazio Fantasia,DEF/FWD,49,5,353000
Callum Coleman-Jones,RUC/FWD,0,0,353000
Mitch Hannan,FWD,47.6,9,353000
Boyd Woodcock,FWD,54.3,5,352000
Rhylee West,FWD,56.3,4,352000
Daniel Talia,DEF,46,14,351000
Charlie Spargo,FWD,47.5,8,350000
Charlie Curnow,FWD,0,0,347000
Changkuoth Jiath,DEF,45,5,347000
Lewis Melican,DEF,46.8,9,347000
Will Walker,MID/FWD,59.4,2,345000
Darcy Fogarty,FWD,45,10,344000
Lachlan Keeffe,DEF,45.1,13,344000
Phil Davis,DEF,45,10,344000
Taylor Garner,FWD,51.9,2,342000
Willie Rioli,FWD,0,0,341000
Mabior Chol,RUC/FWD,44.5,10,340000
Roarke Smith,MID/FWD,47.8,5,339000
Zach Guthrie,DEF/MID,51.3,3,338000
Ned McHenry,FWD,46.9,8,337000
Hayden Young,DEF,52,5,337000
Bobby Hill,FWD,52,5,337000
Ben Cavarra,FWD,55.9,3,337000
Brayden Ainsworth,MID/FWD,46.8,8,336000
Jack Buckley,DEF/MID,57.5,2,334000
Jack Mahony,FWD,43.8,10,334000
Matthew Cottrell,MID,51.3,5,333000
Nick Larkey,FWD,43.5,10,332000
Ben Ronke,FWD,55,3,332000
Jack Petruccelle,FWD,43.5,5,332000
Marty Hore,DEF,0,0,331000
Jacob Townsend,FWD,43.1,12,329000
Billy Frampton,FWD,50.5,5,328000
Griffin Logue,DEF,44,5,328000
Kyron Hayden,DEF,45.6,8,327000
Kysaiah Pickett,FWD,42.6,14,325000
Jarrod Cameron,FWD,27.8,5,324000
Paddy Dow,MID/FWD,42.9,3,323000
Luke Jackson,FWD,47.8,6,321000
Kade Chandler,FWD,0,0,321000
Josh Schache,FWD,33.1,2,319000
Caleb Graham,DEF,35.8,7,318000
Jimmy Webster,DEF,0,0,316000
Chayce Jones,MID,41,15,313000
Xavier O'Neill,MID/FWD,47.8,5,310000
Brandon Zerk-Thatcher,DEF,40.5,10,309000
Mark Hutchings,MID/FWD,39.1,3,308000
Zac Langdon,FWD,43.9,7,306000
James Frawley,DEF,40,14,305000
Lochie O'Brien,MID,45,1,304000
Caleb Marchbank,DEF,0,0,301000
Sam Switkowski,FWD,0,0,301000
Archie Smith,RUC,33,5,299000
Flynn Perez,DEF,49.6,3,299000
Jack Bytel,MID,49.6,3,299000
Lewis Young,DEF,17.5,1,299000
Jordan Murdoch,DEF,0,0,298000
Kayne Turner,FWD,0,0,298000
Sam Sturt,FWD,48.8,3,294000
Kaiden Brand,DEF,50.6,2,294000
Michael Frederick,FWD,38.3,10,292000
Xavier O'Halloran,MID,50,2,290000
Will Hamill,DEF,40.1,8,288000
Neville Jetta,DEF,26,6,285000
Irving Mosquito,FWD,45.4,4,284000
Stefan Giro,MID,0,0,284000
Marcus Adams,DEF,15,1,283000
Matt Buntine,DEF/FWD,0,0,283000
Aiden Bonar,DEF,41.5,6,282000
Finn Maginness,MID,48.8,1,279000
Liam Henry,FWD,45.9,3,277000
Sam Taylor,DEF,44.1,4,276000
Lachie Young,DEF/MID,47.5,2,276000
Bailey J. Williams,RUC/FWD,45,3,271000
Jamarra Ugle-Hagan,FWD,,,270000
Riley Thilthorpe,RUC/FWD,,,268000
Nathan Vardy,RUC,0,0,268000
Will Phillips,MID,,,266000
Ben Davis,FWD,46.3,1,265000
Logan McDonald,FWD,,,264000
Harrison Petty,DEF/FWD,0,0,263000
Fischer Mcasey,DEF/FWD,34.3,10,262000
Braeden Campbell,MID/FWD,,,262000
Denver Grainger-Barras,DEF,,,260000
Elijah Hollands,MID/FWD,,,258000
Nikolas Cox,DEF/FWD,,,256000
Archie Perkins,MID/FWD,,,254000
Joel Garner,DEF,0,0,254000
Sam Flanders,FWD,39,5,253000
Zach Reid,DEF,,,252000
Luke Pedlar,MID,,,250000
Joel Hamling,DEF,0,0,249000
Jake Stein,DEF,0,0,248000
Tanner Bruhn,MID,,,248000
Ryan Gardner,DEF,33.5,9,248000
Tom Powell,MID,,,246000
Heath Chapman,DEF,,,244000
Nakia Cockatoo,MID/FWD,0,0,243000
Liam Stocker,DEF,0,0,242000
Conor Stone,FWD,,,242000
Connor Menadue,DEF,,,242000
Lachlan Jones,DEF,,,240000
Trey Ruscoe,FWD,38.1,4,239000
Daniel Venables,FWD,0,0,239000
Oliver Henry,FWD,,,238000
Jack Payne,DEF,37.9,4,237000
Daniel McKenzie,DEF,0,0,237000
Ryan Angwin,MID,,,236000
Thomas Berry,FWD,35,6,235000
Patrick Ambrose,DEF,0,0,235000
Conor Nash,FWD,35,2,235000
Darragh Joyce,DEF,0,0,235000
Finlay Macrae,MID/FWD,,,234000
Alex Pearce,DEF,0,0,232000
Max Holmes,MID/FWD,,,232000
Jake Bowey,MID/FWD,,,230000
Cody Weightman,FWD,37.9,3,229000
Bailey Laurie,DEF/FWD,,,228000
Reef McInnes,MID,,,226000
Blake Coleman,FWD,,,224000
Tristan Xerri,FWD,35.6,4,223000
Tom Campbell,RUC/FWD,22.5,1,223000
Kieran Strachan,RUC/FWD,38.8,1,222000
Brayden Cook,MID/FWD,,,222000
Jy Farrar,FWD,38.8,1,222000
Ryan Garthwaite,DEF,0,0,222000
Jeremy Sharp,MID,38.1,2,221000
Connor Idun,DEF,38.1,2,221000
Matthew McLeod-Allison,FWD,,,220000
Matthew Ling,DEF,36.3,3,219000
Nathan O'Driscoll,MID,,,218000
Sam Berry,MID,,,216000
Tom Hutchesson,MID/FWD,37.5,1,215000
Seamus Mitchell,FWD,,,214000
Caleb Poulter,MID/FWD,,,212000
Liam McMahon,FWD,,,210000
Nathan Murphy,DEF,0,0,208000
Jack Hombsch,DEF,0,0,208000
Keegan Brooksby,RUC/FWD,36.3,1,208000
Errol Gulden,MID,,,208000
Jordon Butts,DEF,35.6,2,207000
Shannon Neale,RUC/FWD,,,206000
Atu Bosenavulagi,FWD,34.1,3,206000
Fraser Rosman,MID/FWD,,,204000
Sam Philp,FWD,35,2,203000
Connor Downie,MID,,,202000
Josh Morris,FWD,31.9,4,200000
Toby Bedford,FWD,34.4,2,200000
Charlie Lazzaro,MID,,,200000
Corey Durdin,MID/FWD,,,198000
James Rowe,FWD,,,196000
Chad Warner,FWD,33.8,2,196000
Mark Keane,DEF,33.8,1,194000
Joshua Eyre,DEF/FWD,,,194000
Ben Jarvis,DEF/FWD,33.8,1,194000
Thomson Dow,MID,33.1,2,192000
Samson Ryan,RUC,,,192000
Jonathon Patton,FWD,28.4,6,191000
Jack Carroll,MID,,,190000
Chris Burgess,DEF,0,0,190000
Connor Ballenden,FWD,32.5,2,189000
Ned Cahill,FWD,31.3,3,189000
Joel Smith,DEF,27,7,188000
Phoenix Spicer,MID/FWD,,,188000
Deven Robertson,MID/FWD,32.5,1,186000
Harry Sharp,DEF/MID,,,186000
Beau McCreery,FWD,,,184000
Thomas Highmore,DEF,,,182000
Tyler Brockman,MID/FWD,,,180000
Nick Stevens,DEF,,,178000
Henry Smith,RUC,,,176000
Ollie Lord,FWD,,,174000
Will Kelly,FWD,30,1,172000
Max Lynch,RUC/FWD,30,1,172000
Brandon Walker,DEF,,,172000
Josh Worrell,DEF/FWD,0,0,170000
Ronin O'Connor,MID,0,0,170000
Lachlan Gollant,DEF/MID,0,0,170000
Tariek Newchurch,MID/FWD,,,170000
James Borlase,DEF,,,170000
James Madden,DEF/FWD,0,0,170000
Tom Fullarton,RUC/FWD,27.5,2,170000
Connor McFadyen,FWD,0,0,170000
Tom Joyce,MID/FWD,0,0,170000
Ely Smith,MID/FWD,0,0,170000
Brock Smith,DEF,0,0,170000
Jaxon Prior,DEF,0,0,170000
Carter Michael,MID,,,170000
Deividas Uosis,DEF,,,170000
Matthew Owies,FWD,17.5,1,170000
Brodie Kemp,MID,0,0,170000
Sam Ramsay,MID,0,0,170000
Josh Honey,MID/FWD,27.5,1,170000
Luke Parks,DEF,,,170000
Anton Tohill,FWD,0,0,170000
Jay Rantall,MID,0,0,170000
Trent Bianco,DEF/MID,0,0,170000
Tom Wilson,FWD,0,0,170000
Jack Ginnivan,MID/FWD,,,170000
Isaac Chugg,DEF/FWD,,,170000
Harrison Jones,FWD,0,0,170000
Nick Bryan,RUC,0,0,170000
Lachlan Johnson,MID/FWD,0,0,170000
Cian McBride,DEF,0,0,170000
Ross McQuillan,DEF/FWD,0,0,170000
Tom Hird,MID,,,170000
Cody Brand,DEF,,,170000
Luke Valente,MID,0,0,170000
Lloyd Meek,RUC,0,0,170000
Leno Thomas,DEF,0,0,170000
Joel Western,MID,,,170000
Josh Treacy,RUC/FWD,,,170000
Rory Thompson,DEF,0,0,170000
Jez McLennan,DEF,0,0,170000
Matt Conroy,RUC,0,0,170000
Malcolm Rosas,FWD,0,0,170000
Patrick Murtagh,FWD,0,0,170000
Luke Towey,DEF,0,0,170000
Hawego Paul Oea,MID/FWD,,,170000
Alex Davies,MID,,,170000
Joel Jeffrey,DEF,,,170000
Aiden Fyfe,DEF/MID,,,170000
Rhys Nicholls,DEF,,,170000
Stefan Okunbor,DEF,0,0,170000
Nathan Kreuger,FWD,0,0,170000
Cooper Stephens,MID,0,0,170000
Sam De Koning,DEF,0,0,170000
Francis Evans,FWD,0,0,170000
Cameron Taheny,FWD,0,0,170000
Oscar Brownless,FWD,0,0,170000
Paul Tsapatolis,RUC,,,170000
Kieren Briggs,DEF/FWD,0,0,170000
Callum M. Brown,DEF,0,0,170000
Nick Shipley,MID,0,0,170000
Matt Flynn,RUC,0,0,170000
Will Shaw,DEF,,,170000
Cameron Fleeton,DEF,,,170000
Jacob Wehr,DEF,,,170000
Zach Sproule,FWD,0,0,170000
Jacob Koschitzke,DEF,0,0,170000
Ned Reeves,RUC,0,0,170000
Emerson Jeka,FWD,0,0,170000
Harry Pepper,DEF,0,0,170000
Jack Saunders,MID/FWD,,,170000
Austin Bradtke,RUC,0,0,170000
James Jordon,MID,0,0,170000
Aaron Nietschke,MID,0,0,170000
Charlie Comben,RUC/FWD,0,0,170000
Matt McGuinness,DEF,0,0,170000
Eddie Ford,FWD,,,170000
Patrick Walker,DEF,,,170000
Martin Frederick,DEF,0,0,170000
Sam Hayes,RUC,0,0,170000
Miles Bergman,FWD,0,0,170000
Dylan Williams,MID/FWD,0,0,170000
Jackson Mead,MID,0,0,170000
Jake Pasini,DEF,0,0,170000
Trent Burgoyne,MID/FWD,0,0,170000
Tyson Goldsack,DEF,,,170000
Taj Schofield,MID,,,170000
Ben Miller,DEF,0,0,170000
Noah Cumberland,MID/FWD,0,0,170000
Will Martyn,MID,0,0,170000
Hugo Ralphsmith,MID/FWD,0,0,170000
Bigoa Nyuon,DEF/RUC,0,0,170000
Maurice Rioli,MID/FWD,,,170000
Mate Colina,RUC,,,170000
Riley Collier-Dawkins,MID,0,0,170000
Dylan Roberton,DEF,25,1,170000
Oscar Clavarino,DEF,0,0,170000
Sam Alabakis,RUC,0,0,170000
Ryan Byrnes,MID,26.3,1,170000
Leo Connolly,DEF/MID,0,0,170000
Joel Amartey,RUC/FWD,25,1,170000
Will Gould,DEF,0,0,170000
Barry O'Connor,DEF/FWD,0,0,170000
Marc Sheather,FWD,,,170000
Malachy Carruthers,DEF,,,170000
Buku Khamis,DEF,0,0,170000
Riley Garcia,MID,0,0,170000
Dominic Bedendo,FWD,,,170000
Lachlan McNeil,MID,,,170000
Jordon Sweet,RUC,0,0,170000
Luke Foley,DEF,23.8,1,170000
Harry Edwards,DEF,10,1,170000
Callum Jamieson,RUC,0,0,170000
Ben Johnson,DEF,0,0,170000
Luke Edwards,MID,,,170000
Isiah Winder,DEF/MID,,,170000
Zane Trew,MID,,,170000
